Title,Price,Rating,Link
"HP 250R G10 Business Laptop 15.6-Inch FHD IPS Display with Intel Core 3-100U Processor, 8GB DDR4 RAM, 512GB NVMe SSD, Intel Graphics, Windows 11, MS Office 2024, Copilot Key, Turbo Silver","39,290",5.0,https://www.amazon.in/HP-Business-15-6-Inch-Processor-Graphics/dp/B0G35BLZV4/ref=sr_1_53?dib=eyJ2IjoiMSJ9.B4eM_PPZ9d1g1yQt3BJehxIwzqLLCo2l49vdIrHqQR-IwAIWMxmy1sMTIGeYh-kPLO62vJeJaPI7_ARJnEacYci1q33SFkl66VJuOrbnQpFTODsnyLiBf2AEMjmtgda65SA-NyChNukQh9y0rkHQlANTgZq1ZwDQ6Pigkruow9ndgC89Ed2J3ZroAxE_Vc37rTlnOVChMasM_qrPh6EOZJ4SM-HrgjOQn5kFDSfK8Po.EzMnHpIwBjk6q6ZLz0ZnHe7_1vp2HWoNpM1o12hF4Ew&dib_tag=se&keywords=laptop&qid=1773557257&sr=8-53
"MSI Raider 18, Intel Series 2 Core Ultra 9 285HX, 46cm UHD+ 120Hz Gaming Laptop (64GB/4TB NVMe SSD/Windows 11 Home/NVIDIA GeForce RTX 5090, GDDR7 24GB/Core Black/3.6Kg) A2XWJG-253IN","4,99,990",3.0,https://www.amazon.in/MSI-Raider-Windows-GeForce-A2XWJG-253IN/dp/B0FHF9T3JV/ref=sr_1_56?dib=eyJ2IjoiMSJ9.B4eM_PPZ9d1g1yQt3BJehxIwzqLLCo2l49vdIrHqQR-IwAIWMxmy1sMTIGeYh-kPLO62vJeJaPI7_ARJnEacYci1q33SFkl66VJuOrbnQpFTODsnyLiBf2AEMjmtgda65SA-NyChNukQh9y0rkHQlANTgZq1ZwDQ6Pigkruow9ndgC89Ed2J3ZroAxE_Vc37rTlnOVChMasM_qrPh6EOZJ4SM-HrgjOQn5kFDSfK8Po.EzMnHpIwBjk6q6ZLz0ZnHe7_1vp2HWoNpM1o12hF4Ew&dib_tag=se&keywords=laptop&qid=1773557257&sr=8-56
"HP Omen, Intel Core i7-14650HX 14th Gen, 8GB RTX 5050, 24GB DDR5(Upgradeable) 1TB SSD, 165Hz, 2k WUXGA, 3ms, 400 nits, 16''/40.6cm, Win11, M365* Office24, Black, 2.43kg, am0241TX, RGB Gaming Laptop","1,32,990",4.3,https://www.amazon.in/HP-i7-14650HX-Upgradeable-Office24-am0241TX/dp/B0FDKRKC92/ref=sr_1_35?dib=eyJ2IjoiMSJ9.NnEFTphInJoCQIPLnyN_QpZ-iLK2QV5D8MJzHgeEQuQJ4oA5nG_OsaHA6vIRwosXn_j_DlhmHrPqOw0XgZaYZByV-cg4Z1nTlqwXMPOl9B8XCG3Vf-Gno8IK3iMccjHBWlUPM3RAFDnESKu-dB7VD1VQW5C6yEamI8xJfKqSpz_2xVUReIooR8-Ig__tXtEGX0WEn3Yv5c9PVmtCEXS65jyPrvYAMB7vZvkWGYZ5ekg.E2nH1uPniXgu25ildy1AC0iFrJauR9VJc0e4M3BGmjM&dib_tag=se&keywords=laptop&qid=1773557248&sr=8-35
"ASUS Chromebook CX1405 (2026), Intel N50 Processor, Intel UHD iGPU, 8GB RAM, 128GB SSD, FHD, 14"" (35.5 cm), Chrome OS, Pure Grey, 1.39 Kg, CX1405CTA-S60622, 42WHrs, Thin & Light Laptop","25,990",N/A,https://www.amazon.in/ASUS-Chromebook-CX1405-Processor-CX1405CTA-S60622/dp/B0GN2Y3T6M/ref=sr_1_7?dib=eyJ2IjoiMSJ9.hJDFApibiOcDEB0nfcXmShBOi4Wa7RF870vRhjG9BPhmXeK6aBRnbQPv55jS3UdyDkYkUHubQPqdjTIoKOAdn9nuydXg2Gn_WkGQE3GK802s4uJ539KQwpXCSgEqhgX_TLBRuxOiPHch7naJbsnCZAVN5dUWUYYtcnMVTxO8IYSGXMME-HlkYfA180qgF8mDEnbcRgi6aSsCwGwBgC4hYv-ezVo_mHmnSQJTc--e3vM.WeVKaMvLBi8_fXcI66-NEIKnU5JEO5LMbk-CWsDYTKc&dib_tag=se&keywords=laptop&qid=1773557241&sr=8-7
"Primebook 2 Pro 2025 (New Launch) | 8GB RAM, 128GB UFS Storage | 14.1-Inch FHD IPS Display | 14 Hours Battery | MediaTek Helio G99 | Android 15 (PrimeOS 3.0) | Backlit Keyboard | in-Built AI (Gray)","19,990",4.4,https://www.amazon.in/sspa/click?ie=UTF8&spc=MTo2NDA2MDQxODAzODM5OTY5OjE3NzM1NTcyNDE6c3Bfc2VhcmNoX3RoZW1hdGljOjMwMDcwNjM5MjAxMDEzMjo6Mjo6&url=%2FPrimebook-Storage-14-1-Inch-MediaTek-Keyboard%2Fdp%2FB0FFM8M9B5%2Fref%3Dsxin_14_pa_sp_search_thematic_sspa%3Fcontent-id%3Damzn1.sym.7e2c8ac4-9f12-4bcd-9497-a8ae54bc8764%253Aamzn1.sym.7e2c8ac4-9f12-4bcd-9497-a8ae54bc8764%26cv_ct_cx%3Dlaptop%26keywords%3Dlaptop%26pd_rd_i%3DB0FFM8M9B5%26pd_rd_r%3D16e290af-fcbb-42d3-b026-cb23b7b66df6%26pd_rd_w%3DNNOE6%26pd_rd_wg%3DqMtP9%26pf_rd_p%3D7e2c8ac4-9f12-4bcd-9497-a8ae54bc8764%26pf_rd_r%3DVTCRGF74NB32T9C77HKY%26qid%3D1773557241%26sbo%3DRZvfv%252F%252FHxDF%252BO5021pAnSA%253D%253D%26sr%3D1-3-66673dcf-083f-43ba-b782-d4a436cc5cfb-spons%26aref%3DNLGjhb5MHj%26sp_csd%3Dd2lkZ2V0TmFtZT1zcF9zZWFyY2hfdGhlbWF0aWM%26psc%3D1&aref=NLGjhb5MHj&sp_cr=ZAZ
"HP Pavilion Plus, Intel Core i5-1335U-13th Gen Laptop, (16GB LPDDR5x,512GB SSD),IPS, 300 nits, 14''(35.6cm) 2K,Win 11, M365 Basic(1yr), Office Home 24, Silver,1.38kg, 5MP Camera w/Shutter, ew0107TU","61,990",3.7,https://www.amazon.in/HP-Pavilion-i5-1335U-13th-LPDDR5x-ew0107TU/dp/B07FLHBMXY/ref=sr_1_31?dib=eyJ2IjoiMSJ9.NnEFTphInJoCQIPLnyN_QpZ-iLK2QV5D8MJzHgeEQuQJ4oA5nG_OsaHA6vIRwosXn_j_DlhmHrPqOw0XgZaYZByV-cg4Z1nTlqwXMPOl9B8XCG3Vf-Gno8IK3iMccjHBWlUPM3RAFDnESKu-dB7VD1VQW5C6yEamI8xJfKqSpz_2xVUReIooR8-Ig__tXtEGX0WEn3Yv5c9PVmtCEXS65jyPrvYAMB7vZvkWGYZ5ekg.E2nH1uPniXgu25ildy1AC0iFrJauR9VJc0e4M3BGmjM&dib_tag=se&keywords=laptop&qid=1773557248&sr=8-31
"HP 15, AMD Ryzen 7 5825U, 16GB DDR4, 512GB SSD, 15.6-inch(39.6cm) Anti-Glare, FHD, Radeon Graphics, Backlit KB, 1080p HD cam (Win11, M365 Basic(1yr)*,Office Home24, Silver, 1.69kg) fc0533AU","51,990",4.3,https://www.amazon.in/HP-15-6-inch-Anti-glare-Graphics-15s-eq2084AU/dp/B0CRDZVKNK/ref=sr_1_21?dib=eyJ2IjoiMSJ9.NnEFTphInJoCQIPLnyN_QpZ-iLK2QV5D8MJzHgeEQuQJ4oA5nG_OsaHA6vIRwosXn_j_DlhmHrPqOw0XgZaYZByV-cg4Z1nTlqwXMPOl9B8XCG3Vf-Gno8IK3iMccjHBWlUPM3RAFDnESKu-dB7VD1VQW5C6yEamI8xJfKqSpz_2xVUReIooR8-Ig__tXtEGX0WEn3Yv5c9PVmtCEXS65jyPrvYAMB7vZvkWGYZ5ekg.E2nH1uPniXgu25ildy1AC0iFrJauR9VJc0e4M3BGmjM&dib_tag=se&keywords=laptop&qid=1773557248&sr=8-21
"Lenovo 15 (2026), Intel Core i3 13th Gen 1315U - (8 GB/512 GB SSD/Intel UHD Graphics/Windows 11 Pro) Thin and Light Business Laptop/15.6"" FHD Display/Iron Grey/1.6 kg/MS Office 2021","42,900",N/A,https://www.amazon.in/Lenovo-15-Intel-Core-1315U/dp/B0GHQ3F9MM/ref=sr_1_40?dib=eyJ2IjoiMSJ9.4LTvQgazwu4fQVtnEPU6UIdvimWNYMa3F3belTQfVjATZmFhP-DN7eAtX02vobu_C4w8Xm7ABfB3JINjTCTC_KQ-VSSM-bxG3iLG4nWoW83sBgWBfU4yMD5h3fgAbyF2ZydMLE-UK05lJWS9m4G6gwgae3glRiOa4bAuVUWFlAj7A2Yj5oTJ5N6AGaWiXCi0FQxXvLGR-VHHpgYutjnySMMGAC2LNTkq9oPfphNuOqs.qGmjWWgMl5Jk7hIE4GJEUnbRtYWBcsmaq1YJYzRaCOI&dib_tag=se&keywords=laptop&qid=1773557253&sr=8-40
"Lenovo ThinkBook 16 AMD Ryzen 5 7535HS (8GB RAM/512GB SSD/Win 11 Home/Office 2024/Backlit Keyboard/Fingerprint) 16"" WUXGA IPS 300 Nits Thin & Light Laptop/1Y Warranty/Aluminium Top/1.7kg, 21MWA0BRIN","51,350",4.0,https://www.amazon.in/sspa/click?ie=UTF8&spc=MTo3NjU3NTUyNTg1MTczODA0OjE3NzM1NTcyNTg6c3Bfc2VhcmNoX3RoZW1hdGljOjMwMDk3Mjg2ODEzMTkzMjo6Mzo6&url=%2FLenovo-ThinkBook-Fingerprint-Aluminium-21MWA0BRIN%2Fdp%2FB0DZJ1ZJG2%2Fref%3Dsxin_13_pa_sp_search_thematic_sspa%3Fcontent-id%3Damzn1.sym.c007a59b-1788-4f64-b1ed-4d72476022eb%253Aamzn1.sym.c007a59b-1788-4f64-b1ed-4d72476022eb%26cv_ct_cx%3Dlaptop%26keywords%3Dlaptop%26pd_rd_i%3DB0DZJ1ZJG2%26pd_rd_r%3Dc88db800-574f-4385-9e8e-35aa1b822eba%26pd_rd_w%3DGzn9x%26pd_rd_wg%3DpMR1K%26pf_rd_p%3Dc007a59b-1788-4f64-b1ed-4d72476022eb%26pf_rd_r%3DMM2NZVYF4ZG55ZFAKY61%26qid%3D1773557257%26sbo%3DRZvfv%252F%252FHxDF%252BO5021pAnSA%253D%253D%26sr%3D1-52-2ec22325-1003-449d-8aaf-c0bcc24717ae-spons%26aref%3D1gevEYlUXl%26sp_csd%3Dd2lkZ2V0TmFtZT1zcF9zZWFyY2hfdGhlbWF0aWM%26psc%3D1&aref=1gevEYlUXl&sp_cr=ZAZ
"Lenovo Ideapad Slim 3 AMD Ryzen 5 7520U 15.6"" (39.6cm) FHD Thin and Light Laptop (16GB/512GB SSD/Windows 11/Microsoft 365 Basic + Office Home 2024/Backlit Keyboard/Grey/1.6Kg), 82XQ00XDIN","45,899",4.0,https://www.amazon.in/sspa/click?ie=UTF8&spc=MTo0NDYzNDY3NzQ4OTE5NjM6MTc3MzU1NzI1MzpzcF9tdGY6MzAwMDYyMTEzODI1MDMyOjowOjo&url=%2FLenovo-Ideapad-Backlit-Keyboard-82XQ008VIN%2Fdp%2FB0CD4BQ4SF%2Fref%3Dsr_1_44_sspa%3Fdib%3DeyJ2IjoiMSJ9.4LTvQgazwu4fQVtnEPU6UIdvimWNYMa3F3belTQfVjATZmFhP-DN7eAtX02vobu_C4w8Xm7ABfB3JINjTCTC_KQ-VSSM-bxG3iLG4nWoW83sBgWBfU4yMD5h3fgAbyF2ZydMLE-UK05lJWS9m4G6gwgae3glRiOa4bAuVUWFlAj7A2Yj5oTJ5N6AGaWiXCi0FQxXvLGR-VHHpgYutjnySMMGAC2LNTkq9oPfphNuOqs.qGmjWWgMl5Jk7hIE4GJEUnbRtYWBcsmaq1YJYzRaCOI%26dib_tag%3Dse%26keywords%3Dlaptop%26qid%3D1773557253%26sr%3D8-44-spons%26aref%3DNhW8J4WAdc%26sp_csd%3Dd2lkZ2V0TmFtZT1zcF9tdGY%26psc%3D1&aref=NhW8J4WAdc&sp_cr=ZAZ
"ASUS Vivobook S14,Smartchoice,AMD Ryzen AI 7 350,16GB RAM,1TB SSD,OLED,14"",Windows 11, Office24,M365 Basic (1Yr)*, Matte Gray,1.4Kg, M3407KA-SF049WS,50 Tops,Metallic Design,Next-Gen AI Laptop,Copilot+","83,990",3.6,https://www.amazon.in/sspa/click?ie=UTF8&spc=MTozMTk4ODIyNDM1ODMzMjcyOjE3NzM1NTcyNDg6c3BfYXRmX25leHQ6MzAwOTAzMjY5MTUwOTMyOjowOjo&url=%2FASUS-Vivobook-Smartchoice-Office24-M3407KA-SF049WS%2Fdp%2FB0FMRV42V9%2Fref%3Dsr_1_17_sspa%3Fdib%3DeyJ2IjoiMSJ9.NnEFTphInJoCQIPLnyN_QpZ-iLK2QV5D8MJzHgeEQuQJ4oA5nG_OsaHA6vIRwosXn_j_DlhmHrPqOw0XgZaYZByV-cg4Z1nTlqwXMPOl9B8XCG3Vf-Gno8IK3iMccjHBWlUPM3RAFDnESKu-dB7VD1VQW5C6yEamI8xJfKqSpz_2xVUReIooR8-Ig__tXtEGX0WEn3Yv5c9PVmtCEXS65jyPrvYAMB7vZvkWGYZ5ekg.E2nH1uPniXgu25ildy1AC0iFrJauR9VJc0e4M3BGmjM%26dib_tag%3Dse%26keywords%3Dlaptop%26qid%3D1773557248%26sr%3D8-17-spons%26aref%3D1LizSQI7qo%26sp_csd%3Dd2lkZ2V0TmFtZT1zcF9hdGZfbmV4dA%26psc%3D1&aref=1LizSQI7qo&sp_cr=ZAZ
"Lenovo Legion 9 Intel Core i9-13980HX 16"" (40.64cm) 3.2K Mini LED 1200Nits 165Hz Gaming Laptop (32GB/2TB SSD/NVIDIA RTX 4090 16GB/Black/2.5Kg), 83AG0044IN +GB700 Backpack","4,53,835",N/A,https://www.amazon.in/Lenovo-i9-13980HX-1200Nits-83AG0044IN-Backpack/dp/B0DFCK3BZQ/ref=sr_1_66?dib=eyJ2IjoiMSJ9.B4eM_PPZ9d1g1yQt3BJehxIwzqLLCo2l49vdIrHqQR-IwAIWMxmy1sMTIGeYh-kPLO62vJeJaPI7_ARJnEacYci1q33SFkl66VJuOrbnQpFTODsnyLiBf2AEMjmtgda65SA-NyChNukQh9y0rkHQlANTgZq1ZwDQ6Pigkruow9ndgC89Ed2J3ZroAxE_Vc37rTlnOVChMasM_qrPh6EOZJ4SM-HrgjOQn5kFDSfK8Po.EzMnHpIwBjk6q6ZLz0ZnHe7_1vp2HWoNpM1o12hF4Ew&dib_tag=se&keywords=laptop&qid=1773557257&sr=8-66
"Lenovo IdeaPad 5 2-in-1 AMD Ryzen AI 7 350 (24GB RAM/1TB SSD/14 (35.5cm)/WUXGA OLED/Windows 11/Lenovo AI Now/Copilot+PC/Office Home 2024/Digital Pen 2/Grey/1.5Kg), 83KT000LIN Convertible Laptop","99,990",4.1,https://www.amazon.in/Lenovo-IdeaPad-Windows-83KT000LIN-Convertible/dp/B0FDKH95BB/ref=sr_1_65?dib=eyJ2IjoiMSJ9.B4eM_PPZ9d1g1yQt3BJehxIwzqLLCo2l49vdIrHqQR-IwAIWMxmy1sMTIGeYh-kPLO62vJeJaPI7_ARJnEacYci1q33SFkl66VJuOrbnQpFTODsnyLiBf2AEMjmtgda65SA-NyChNukQh9y0rkHQlANTgZq1ZwDQ6Pigkruow9ndgC89Ed2J3ZroAxE_Vc37rTlnOVChMasM_qrPh6EOZJ4SM-HrgjOQn5kFDSfK8Po.EzMnHpIwBjk6q6ZLz0ZnHe7_1vp2HWoNpM1o12hF4Ew&dib_tag=se&keywords=laptop&qid=1773557257&sr=8-65
"Lenovo Ideapad Slim 3 AMD Ryzen 5 7520U 15.6"" (39.6cm) FHD Thin and Light Laptop (16GB/512GB SSD/Windows 11/Microsoft 365 Basic + Office Home 2024/Backlit Keyboard/Grey/1.6Kg), 82XQ00XDIN","45,899",4.0,https://www.amazon.in/sspa/click?ie=UTF8&spc=MToyMjI3ODgxMDI1MzUwOTY5OjE3NzM1NTcyNDE6c3BfYnRmOjMwMDA0MzY5NjM3OTAzMjo6MDo6&url=%2FLenovo-Ideapad-Backlit-Keyboard-82XQ008VIN%2Fdp%2FB0CD4BQ4SF%2Fref%3Dsr_1_22_sspa%3Fdib%3DeyJ2IjoiMSJ9.hJDFApibiOcDEB0nfcXmShBOi4Wa7RF870vRhjG9BPhmXeK6aBRnbQPv55jS3UdyDkYkUHubQPqdjTIoKOAdn9nuydXg2Gn_WkGQE3GK802s4uJ539KQwpXCSgEqhgX_TLBRuxOiPHch7naJbsnCZAVN5dUWUYYtcnMVTxO8IYSGXMME-HlkYfA180qgF8mDEnbcRgi6aSsCwGwBgC4hYv-ezVo_mHmnSQJTc--e3vM.WeVKaMvLBi8_fXcI66-NEIKnU5JEO5LMbk-CWsDYTKc%26dib_tag%3Dse%26keywords%3Dlaptop%26qid%3D1773557241%26sr%3D8-22-spons%26aref%3D58LghLGN8a%26sp_csd%3Dd2lkZ2V0TmFtZT1zcF9idGY%26psc%3D1&aref=58LghLGN8a&sp_cr=ZAZ
"HP Victus, AMD Ryzen 7 7445HS, 4GB RTX 2050, 16GB DDR5(Upgradable) 512GB SSD, FHD, 144Hz, 300 nits, IPS, 15.6''/39.6cm, Win11, M365* Office24, Mica Silver, 2.29kg, fb3123AX, Backlit, Gaming Laptop","64,990",3.6,https://www.amazon.in/HP-Upgradable-Office24-fb3123AX-Backlit/dp/B0G9239R5S/ref=sr_1_45?dib=eyJ2IjoiMSJ9.4LTvQgazwu4fQVtnEPU6UIdvimWNYMa3F3belTQfVjATZmFhP-DN7eAtX02vobu_C4w8Xm7ABfB3JINjTCTC_KQ-VSSM-bxG3iLG4nWoW83sBgWBfU4yMD5h3fgAbyF2ZydMLE-UK05lJWS9m4G6gwgae3glRiOa4bAuVUWFlAj7A2Yj5oTJ5N6AGaWiXCi0FQxXvLGR-VHHpgYutjnySMMGAC2LNTkq9oPfphNuOqs.qGmjWWgMl5Jk7hIE4GJEUnbRtYWBcsmaq1YJYzRaCOI&dib_tag=se&keywords=laptop&qid=1773557253&sr=8-45
"Lenovo IdeaPad Slim 3 13th Gen Core i7-13620H 15.3"" (38.8cm) WUXGA IPS Laptop (16GB RAM/1TB SSD/Win 11/Office 2024/Backlit/1Yr ADP Free/Top Metal Cover & IR Camera/Grey/1.6Kg), 83K100TDIN","82,990",4.2,https://www.amazon.in/Lenovo-IdeaPad-i7-13620H-Backlit-83K100TDIN/dp/B0G48KV4YP/ref=sr_1_41?dib=eyJ2IjoiMSJ9.4LTvQgazwu4fQVtnEPU6UIdvimWNYMa3F3belTQfVjATZmFhP-DN7eAtX02vobu_C4w8Xm7ABfB3JINjTCTC_KQ-VSSM-bxG3iLG4nWoW83sBgWBfU4yMD5h3fgAbyF2ZydMLE-UK05lJWS9m4G6gwgae3glRiOa4bAuVUWFlAj7A2Yj5oTJ5N6AGaWiXCi0FQxXvLGR-VHHpgYutjnySMMGAC2LNTkq9oPfphNuOqs.qGmjWWgMl5Jk7hIE4GJEUnbRtYWBcsmaq1YJYzRaCOI&dib_tag=se&keywords=laptop&qid=1773557253&sr=8-41
"Primebook 2 Max 2025 (New Launch) | 8GB RAM, 256GB UFS Storage | 15.6-Inch Full HD IPS Display | 12hrs Battery | MediaTek Helio G99 | Android 15 (PrimeOS 3.0) | Backlit Keyboard | in-Built AI (Gray)","22,990",4.3,https://www.amazon.in/sspa/click?ie=UTF8&spc=MTo3NjU3NTUyNTg1MTczODA0OjE3NzM1NTcyNTg6c3Bfc2VhcmNoX3RoZW1hdGljOjMwMDcwNjM5MjAxMDAzMjo6Mjo6&url=%2FPrimebook-Storage-15-6-Inch-MediaTek-Keyboard%2Fdp%2FB0FFMQB3KL%2Fref%3Dsxin_13_pa_sp_search_thematic_sspa%3Fcontent-id%3Damzn1.sym.c007a59b-1788-4f64-b1ed-4d72476022eb%253Aamzn1.sym.c007a59b-1788-4f64-b1ed-4d72476022eb%26cv_ct_cx%3Dlaptop%26keywords%3Dlaptop%26pd_rd_i%3DB0FFMQB3KL%26pd_rd_r%3Dc88db800-574f-4385-9e8e-35aa1b822eba%26pd_rd_w%3DGzn9x%26pd_rd_wg%3DpMR1K%26pf_rd_p%3Dc007a59b-1788-4f64-b1ed-4d72476022eb%26pf_rd_r%3DMM2NZVYF4ZG55ZFAKY61%26qid%3D1773557257%26sbo%3DRZvfv%252F%252FHxDF%252BO5021pAnSA%253D%253D%26sr%3D1-51-2ec22325-1003-449d-8aaf-c0bcc24717ae-spons%26aref%3DzUANlRM61Y%26sp_csd%3Dd2lkZ2V0TmFtZT1zcF9zZWFyY2hfdGhlbWF0aWM%26psc%3D1&aref=zUANlRM61Y&sp_cr=ZAZ
"Lenovo V15 12th Gen Intel Core i5-1235U 15.6"" FHD Thin and Light Laptop (8GB RAM/512GB SSD/Windows 11 Home/MS Office Home & Student 2021/Iron Grey/1.70 kg), 82TTA07QIH","44,990",4.1,https://www.amazon.in/Lenovo-V15-i5-1235U-Windows-82TTA07QIH/dp/B0DDY2JQLQ/ref=sr_1_20?dib=eyJ2IjoiMSJ9.NnEFTphInJoCQIPLnyN_QpZ-iLK2QV5D8MJzHgeEQuQJ4oA5nG_OsaHA6vIRwosXn_j_DlhmHrPqOw0XgZaYZByV-cg4Z1nTlqwXMPOl9B8XCG3Vf-Gno8IK3iMccjHBWlUPM3RAFDnESKu-dB7VD1VQW5C6yEamI8xJfKqSpz_2xVUReIooR8-Ig__tXtEGX0WEn3Yv5c9PVmtCEXS65jyPrvYAMB7vZvkWGYZ5ekg.E2nH1uPniXgu25ildy1AC0iFrJauR9VJc0e4M3BGmjM&dib_tag=se&keywords=laptop&qid=1773557248&sr=8-20
"Lenovo IdeaPad 1 Intel Celeron N4500, 8GB RAM, 512GB SSD, HD 15.6""(39.6cm), Windows 11, Grey, 1.55Kg, 82LX00F7IN, 3 Month Game Pass Laptop","35,000",3.8,https://www.amazon.in/Lenovo-IdeaPad-Celeron-Windows-82LX00F7IN/dp/B0F8QDP5MK/ref=sr_1_32?dib=eyJ2IjoiMSJ9.NnEFTphInJoCQIPLnyN_QpZ-iLK2QV5D8MJzHgeEQuQJ4oA5nG_OsaHA6vIRwosXn_j_DlhmHrPqOw0XgZaYZByV-cg4Z1nTlqwXMPOl9B8XCG3Vf-Gno8IK3iMccjHBWlUPM3RAFDnESKu-dB7VD1VQW5C6yEamI8xJfKqSpz_2xVUReIooR8-Ig__tXtEGX0WEn3Yv5c9PVmtCEXS65jyPrvYAMB7vZvkWGYZ5ekg.E2nH1uPniXgu25ildy1AC0iFrJauR9VJc0e4M3BGmjM&dib_tag=se&keywords=laptop&qid=1773557248&sr=8-32
"ASUS Zenbook 14, Smartchoice,AMD Ryzen AI 5 340, AI PC(AMD Radeon Graphics/16GB RAM/512GB SSD/3K OLED/14/120Hz/Windows 11/M365 Basic (1Year)*/Office Home 2024/Jade Black/1.2 Kg) UM3406KA-PP240WS","85,990",4.3,https://www.amazon.in/sspa/click?ie=UTF8&spc=MTo2NDA2MDQxODAzODM5OTY5OjE3NzM1NTcyNDE6c3Bfc2VhcmNoX3RoZW1hdGljOjMwMDk2NTY1NzcwNzAzMjo6MTo6&url=%2FASUS-Zenbook-Smartchoice-Graphics-UM3406KA-PP240WS%2Fdp%2FB0F9YG6D4C%2Fref%3Dsxin_14_pa_sp_search_thematic_sspa%3Fcontent-id%3Damzn1.sym.7e2c8ac4-9f12-4bcd-9497-a8ae54bc8764%253Aamzn1.sym.7e2c8ac4-9f12-4bcd-9497-a8ae54bc8764%26cv_ct_cx%3Dlaptop%26keywords%3Dlaptop%26pd_rd_i%3DB0F9YG6D4C%26pd_rd_r%3D16e290af-fcbb-42d3-b026-cb23b7b66df6%26pd_rd_w%3DNNOE6%26pd_rd_wg%3DqMtP9%26pf_rd_p%3D7e2c8ac4-9f12-4bcd-9497-a8ae54bc8764%26pf_rd_r%3DVTCRGF74NB32T9C77HKY%26qid%3D1773557241%26sbo%3DRZvfv%252F%252FHxDF%252BO5021pAnSA%253D%253D%26sr%3D1-2-66673dcf-083f-43ba-b782-d4a436cc5cfb-spons%26aref%3DTxkOmY92Cl%26sp_csd%3Dd2lkZ2V0TmFtZT1zcF9zZWFyY2hfdGhlbWF0aWM%26psc%3D1&aref=TxkOmY92Cl&sp_cr=ZAZ
"ASUS Vivobook Go 14, AMD Ryzen 5 7520U, 16GB RAM, 512GB SSD, FHD, 14"", 60Hz,42WHrs, Windows 11, M365 Basic (1Year)*,Office Home 2024, Mixed Black, 1.38 kg, E1404FA-EB774WS, Thin & Light Laptop","42,990",4.4,https://www.amazon.in/ASUS-Vivobook-Windows-Backlit-E1404FA-NK5542WS/dp/B0FN9FV4ZZ/ref=sr_1_6?dib=eyJ2IjoiMSJ9.hJDFApibiOcDEB0nfcXmShBOi4Wa7RF870vRhjG9BPhmXeK6aBRnbQPv55jS3UdyDkYkUHubQPqdjTIoKOAdn9nuydXg2Gn_WkGQE3GK802s4uJ539KQwpXCSgEqhgX_TLBRuxOiPHch7naJbsnCZAVN5dUWUYYtcnMVTxO8IYSGXMME-HlkYfA180qgF8mDEnbcRgi6aSsCwGwBgC4hYv-ezVo_mHmnSQJTc--e3vM.WeVKaMvLBi8_fXcI66-NEIKnU5JEO5LMbk-CWsDYTKc&dib_tag=se&keywords=laptop&qid=1773557241&sr=8-6
AXL Laptop (Vayu Book) Newly Launched Thin & Light | 15.6 Inch HD Display (4GB/256GB SSD),"14,990",2.7,https://www.amazon.in/AXL-Laptop-Newly-Launched-Display/dp/B0F4K6RV7J/ref=sr_1_36?dib=eyJ2IjoiMSJ9.NnEFTphInJoCQIPLnyN_QpZ-iLK2QV5D8MJzHgeEQuQJ4oA5nG_OsaHA6vIRwosXn_j_DlhmHrPqOw0XgZaYZByV-cg4Z1nTlqwXMPOl9B8XCG3Vf-Gno8IK3iMccjHBWlUPM3RAFDnESKu-dB7VD1VQW5C6yEamI8xJfKqSpz_2xVUReIooR8-Ig__tXtEGX0WEn3Yv5c9PVmtCEXS65jyPrvYAMB7vZvkWGYZ5ekg.E2nH1uPniXgu25ildy1AC0iFrJauR9VJc0e4M3BGmjM&dib_tag=se&keywords=laptop&qid=1773557248&sr=8-36
"HP 255 G8 Laptop 62Y30PA (AMD Ryzen 5-5500/8GB Ram/ 512 GB SSD/ 39.62 cm (15.6"" Inch) HD/ Windows 11 / Dark Ash Black / 1 Year Warranty)","34,999",1.7,https://www.amazon.in/HP-Laptop-62Y30PA-Windows-Warranty/dp/B09STJL2NS/ref=sr_1_55?dib=eyJ2IjoiMSJ9.B4eM_PPZ9d1g1yQt3BJehxIwzqLLCo2l49vdIrHqQR-IwAIWMxmy1sMTIGeYh-kPLO62vJeJaPI7_ARJnEacYci1q33SFkl66VJuOrbnQpFTODsnyLiBf2AEMjmtgda65SA-NyChNukQh9y0rkHQlANTgZq1ZwDQ6Pigkruow9ndgC89Ed2J3ZroAxE_Vc37rTlnOVChMasM_qrPh6EOZJ4SM-HrgjOQn5kFDSfK8Po.EzMnHpIwBjk6q6ZLz0ZnHe7_1vp2HWoNpM1o12hF4Ew&dib_tag=se&keywords=laptop&qid=1773557257&sr=8-55
"Lenovo V14 Intel Core i3 13th Gen 14"" FHD (1920x1080) Antiglare 250 Nits Thin and Light Laptop (16GB RAM/512GB SSD/Windows 11 Home/Office Home 2024/Iron Grey/1.43 kg), 83A0A0PCIN","48,990",N/A,https://www.amazon.in/Lenovo-1920x1080-Antiglare-Windows-83A0A0PCIN/dp/B0FNQZ9HWX/ref=sr_1_52?dib=eyJ2IjoiMSJ9.B4eM_PPZ9d1g1yQt3BJehxIwzqLLCo2l49vdIrHqQR-IwAIWMxmy1sMTIGeYh-kPLO62vJeJaPI7_ARJnEacYci1q33SFkl66VJuOrbnQpFTODsnyLiBf2AEMjmtgda65SA-NyChNukQh9y0rkHQlANTgZq1ZwDQ6Pigkruow9ndgC89Ed2J3ZroAxE_Vc37rTlnOVChMasM_qrPh6EOZJ4SM-HrgjOQn5kFDSfK8Po.EzMnHpIwBjk6q6ZLz0ZnHe7_1vp2HWoNpM1o12hF4Ew&dib_tag=se&keywords=laptop&qid=1773557257&sr=8-52
"HP 14, Intel Core Ultra 5 125H (24GB DDR5, 1TB SSD), Micro-Edge, Anti-Glare, FHD, 14''/35.6cm, Win11, M365* Office24, Silver, 1.4kg, ep1180TU, FHD Camera, Backlit Laptop","78,490",3.8,https://www.amazon.in/HP-Micro-Edge-Anti-Glare-Office24-ep1180TU/dp/B0G2BHDDB8/ref=sr_1_22?dib=eyJ2IjoiMSJ9.NnEFTphInJoCQIPLnyN_QpZ-iLK2QV5D8MJzHgeEQuQJ4oA5nG_OsaHA6vIRwosXn_j_DlhmHrPqOw0XgZaYZByV-cg4Z1nTlqwXMPOl9B8XCG3Vf-Gno8IK3iMccjHBWlUPM3RAFDnESKu-dB7VD1VQW5C6yEamI8xJfKqSpz_2xVUReIooR8-Ig__tXtEGX0WEn3Yv5c9PVmtCEXS65jyPrvYAMB7vZvkWGYZ5ekg.E2nH1uPniXgu25ildy1AC0iFrJauR9VJc0e4M3BGmjM&dib_tag=se&keywords=laptop&qid=1773557248&sr=8-22
"Lenovo Ideapad Slim 3 AMD Ryzen 5 7520U 15.6"" (39.6cm) FHD Thin and Light Laptop (16GB/512GB SSD/Windows 11/Microsoft 365 Basic + Office Home 2024/Backlit Keyboard/Grey/1.6Kg), 82XQ00XDIN","45,899",4.0,https://www.amazon.in/sspa/click?ie=UTF8&spc=MTo1OTMwMDA3NDc4MzU2MjAyOjE3NzM1NTcyNTM6c3Bfc2VhcmNoX3RoZW1hdGljOjMwMDA0MzY5NjM3OTAzMjo6MTo6&url=%2FLenovo-Ideapad-Backlit-Keyboard-82XQ008VIN%2Fdp%2FB0CD4BQ4SF%2Fref%3Dsxin_13_pa_sp_search_thematic_sspa%3Fcontent-id%3Damzn1.sym.c007a59b-1788-4f64-b1ed-4d72476022eb%253Aamzn1.sym.c007a59b-1788-4f64-b1ed-4d72476022eb%26cv_ct_cx%3Dlaptop%26keywords%3Dlaptop%26pd_rd_i%3DB0CD4BQ4SF%26pd_rd_r%3Df4d351ae-411e-4dfb-a6e4-a5813d3e4a96%26pd_rd_w%3DIfy41%26pd_rd_wg%3DL1MzF%26pf_rd_p%3Dc007a59b-1788-4f64-b1ed-4d72476022eb%26pf_rd_r%3DB1D9W8X0MNG6FWK6CF34%26qid%3D1773557253%26sbo%3DRZvfv%252F%252FHxDF%252BO5021pAnSA%253D%253D%26sr%3D1-34-2ec22325-1003-449d-8aaf-c0bcc24717ae-spons%26aref%3D58LghLGN8a%26sp_csd%3Dd2lkZ2V0TmFtZT1zcF9zZWFyY2hfdGhlbWF0aWM%26psc%3D1&aref=58LghLGN8a&sp_cr=ZAZ
"AXL VayuBook Laptop 14.1 Inch FHD IPS Display (4GB Ram,128GB SSD) 1920 * 1080 Resolution | HD Gemini Lake N4020 | Windows 11 Home | UHD Graphics 600 (Cloud Silver)","12,990",3.3,https://www.amazon.in/AXL-VayuBook-Display-Resolution-Graphics/dp/B0CK5RCXPG/ref=sr_1_50?dib=eyJ2IjoiMSJ9.4LTvQgazwu4fQVtnEPU6UIdvimWNYMa3F3belTQfVjATZmFhP-DN7eAtX02vobu_C4w8Xm7ABfB3JINjTCTC_KQ-VSSM-bxG3iLG4nWoW83sBgWBfU4yMD5h3fgAbyF2ZydMLE-UK05lJWS9m4G6gwgae3glRiOa4bAuVUWFlAj7A2Yj5oTJ5N6AGaWiXCi0FQxXvLGR-VHHpgYutjnySMMGAC2LNTkq9oPfphNuOqs.qGmjWWgMl5Jk7hIE4GJEUnbRtYWBcsmaq1YJYzRaCOI&dib_tag=se&keywords=laptop&qid=1773557253&sr=8-50
"HP 14, Intel Core Ultra 7 155H (16GB DDR5, 1TB SSD), Micro-Edge, Anti-Glare, FHD, 14''/35.6cm, Win11, M365* Office24, Silver, 1.4kg, ep1152TU, FHD Camera, Backlit Laptop","81,698",4.0,https://www.amazon.in/HP-Micro-Edge-Anti-Glare-Office24-ep1152TU/dp/B0G2BCKDKW/ref=sr_1_62?dib=eyJ2IjoiMSJ9.B4eM_PPZ9d1g1yQt3BJehxIwzqLLCo2l49vdIrHqQR-IwAIWMxmy1sMTIGeYh-kPLO62vJeJaPI7_ARJnEacYci1q33SFkl66VJuOrbnQpFTODsnyLiBf2AEMjmtgda65SA-NyChNukQh9y0rkHQlANTgZq1ZwDQ6Pigkruow9ndgC89Ed2J3ZroAxE_Vc37rTlnOVChMasM_qrPh6EOZJ4SM-HrgjOQn5kFDSfK8Po.EzMnHpIwBjk6q6ZLz0ZnHe7_1vp2HWoNpM1o12hF4Ew&dib_tag=se&keywords=laptop&qid=1773557257&sr=8-62
DᥱII Model 5580 | InteI Core i7 | 7th Gen | 8GB DDR4 RAM | 256GB SSD |2GB Graphics |14”FHD Display| Win10 | Ideal for Gaming & Video Editing | A+ Condition Laptop (Refab),"25,995",N/A,https://www.amazon.in/Graphics-Display-Gaming-Editing-Condition/dp/B0GCFJM9P5/ref=sr_1_17?dib=eyJ2IjoiMSJ9.hJDFApibiOcDEB0nfcXmShBOi4Wa7RF870vRhjG9BPhmXeK6aBRnbQPv55jS3UdyDkYkUHubQPqdjTIoKOAdn9nuydXg2Gn_WkGQE3GK802s4uJ539KQwpXCSgEqhgX_TLBRuxOiPHch7naJbsnCZAVN5dUWUYYtcnMVTxO8IYSGXMME-HlkYfA180qgF8mDEnbcRgi6aSsCwGwBgC4hYv-ezVo_mHmnSQJTc--e3vM.WeVKaMvLBi8_fXcI66-NEIKnU5JEO5LMbk-CWsDYTKc&dib_tag=se&keywords=laptop&qid=1773557241&sr=8-17
"Microsoft New Surface Laptop 13"" - Windows 11 Home Copilot+ PC - PixelSense Touchscreen Display - Qualcomm Snapdragon X Plus (8 Core) - 16GB RAM - 256GB SSD - Platinum - EP2-36996","99,990",N/A,https://www.amazon.in/Microsoft-New-Surface-Laptop-Touchscreen/dp/B0G2C2D7VT/ref=sr_1_68?dib=eyJ2IjoiMSJ9.B4eM_PPZ9d1g1yQt3BJehxIwzqLLCo2l49vdIrHqQR-IwAIWMxmy1sMTIGeYh-kPLO62vJeJaPI7_ARJnEacYci1q33SFkl66VJuOrbnQpFTODsnyLiBf2AEMjmtgda65SA-NyChNukQh9y0rkHQlANTgZq1ZwDQ6Pigkruow9ndgC89Ed2J3ZroAxE_Vc37rTlnOVChMasM_qrPh6EOZJ4SM-HrgjOQn5kFDSfK8Po.EzMnHpIwBjk6q6ZLz0ZnHe7_1vp2HWoNpM1o12hF4Ew&dib_tag=se&keywords=laptop&qid=1773557257&sr=8-68
"HP 15, 13th Gen Intel Core i5-13420H, (16GB DDR4, 512GB SSD), FHD, Anti-Glare, Micro-Edge, 15.6''/39.6cm, Win11, M365 Basic(1yr)* Office24, Silver, 1.65kg, FR0045TU, Camera w/Shutter, Backlit Laptop","59,990",4.0,https://www.amazon.in/HP-i5-13420H-Anti-Glare-Micro-Edge-Office24/dp/B0GD81XSSP/ref=sr_1_51?dib=eyJ2IjoiMSJ9.B4eM_PPZ9d1g1yQt3BJehxIwzqLLCo2l49vdIrHqQR-IwAIWMxmy1sMTIGeYh-kPLO62vJeJaPI7_ARJnEacYci1q33SFkl66VJuOrbnQpFTODsnyLiBf2AEMjmtgda65SA-NyChNukQh9y0rkHQlANTgZq1ZwDQ6Pigkruow9ndgC89Ed2J3ZroAxE_Vc37rTlnOVChMasM_qrPh6EOZJ4SM-HrgjOQn5kFDSfK8Po.EzMnHpIwBjk6q6ZLz0ZnHe7_1vp2HWoNpM1o12hF4Ew&dib_tag=se&keywords=laptop&qid=1773557257&sr=8-51
"Dell Inspiron 7441 Plus, Snapdragon X Plus-X1P-64-100, 16GB RAM, 512GB SSD, QHD+, 14""/35.56cm, Touchscreen, Windows11, MSO21, Ice Blue, 1.4Kg, Backlit KB, FPR, Qualcomm GPU, 400nits, AI Powered Laptop","1,09,990",4.0,https://www.amazon.in/Dell-Inspiron-Snapdragon-X1P-64-100-Qualcomm/dp/B0D8BT15GJ/ref=sr_1_58?dib=eyJ2IjoiMSJ9.B4eM_PPZ9d1g1yQt3BJehxIwzqLLCo2l49vdIrHqQR-IwAIWMxmy1sMTIGeYh-kPLO62vJeJaPI7_ARJnEacYci1q33SFkl66VJuOrbnQpFTODsnyLiBf2AEMjmtgda65SA-NyChNukQh9y0rkHQlANTgZq1ZwDQ6Pigkruow9ndgC89Ed2J3ZroAxE_Vc37rTlnOVChMasM_qrPh6EOZJ4SM-HrgjOQn5kFDSfK8Po.EzMnHpIwBjk6q6ZLz0ZnHe7_1vp2HWoNpM1o12hF4Ew&dib_tag=se&keywords=laptop&qid=1773557257&sr=8-58
"HP 255R G10 Business Laptop (2026) – AMD Ryzen 3 7335U, 16GB DDR5 RAM, 512GB SSD, 15.6” FHD Display, Windows 11 Pro + MS Office 2024, Copilot Key, Thin & Light, Turbo Silver","42,999",N/A,https://www.amazon.in/HP-255R-G10-Business-Laptop/dp/B0GP1DGCMC/ref=sr_1_35?dib=eyJ2IjoiMSJ9.4LTvQgazwu4fQVtnEPU6UIdvimWNYMa3F3belTQfVjATZmFhP-DN7eAtX02vobu_C4w8Xm7ABfB3JINjTCTC_KQ-VSSM-bxG3iLG4nWoW83sBgWBfU4yMD5h3fgAbyF2ZydMLE-UK05lJWS9m4G6gwgae3glRiOa4bAuVUWFlAj7A2Yj5oTJ5N6AGaWiXCi0FQxXvLGR-VHHpgYutjnySMMGAC2LNTkq9oPfphNuOqs.qGmjWWgMl5Jk7hIE4GJEUnbRtYWBcsmaq1YJYzRaCOI&dib_tag=se&keywords=laptop&qid=1773557253&sr=8-35
"ASUS Vivobook 15, Smartchoice, AMD Ryzen 7 5825U, 16GB RAM, 512GB SSD, FHD 15.6"", Windows 11, Office Home 2024, Quiet Blue, 1.7Kg, M1502YA-BQ703WS, AMD Radeon iGPU, M365 Basic (1Year)*, 42Whr Laptop","49,990",4.2,https://www.amazon.in/ASUS-Vivobook-Smartchoice-Windows-M1502YA-BQ703WS/dp/B0FC2LKFSC/ref=sr_1_13?dib=eyJ2IjoiMSJ9.hJDFApibiOcDEB0nfcXmShBOi4Wa7RF870vRhjG9BPhmXeK6aBRnbQPv55jS3UdyDkYkUHubQPqdjTIoKOAdn9nuydXg2Gn_WkGQE3GK802s4uJ539KQwpXCSgEqhgX_TLBRuxOiPHch7naJbsnCZAVN5dUWUYYtcnMVTxO8IYSGXMME-HlkYfA180qgF8mDEnbcRgi6aSsCwGwBgC4hYv-ezVo_mHmnSQJTc--e3vM.WeVKaMvLBi8_fXcI66-NEIKnU5JEO5LMbk-CWsDYTKc&dib_tag=se&keywords=laptop&qid=1773557241&sr=8-13
"ASUS Vivobook S14,Smartchoice,AMD Ryzen AI 7 350,16GB RAM,1TB SSD,OLED,14"",Windows 11, Office24,M365 Basic (1Yr)*, Matte Gray,1.4Kg, M3407KA-SF049WS,50 Tops,Metallic Design,Next-Gen AI Laptop,Copilot+","83,990",3.6,https://www.amazon.in/sspa/click?ie=UTF8&spc=MToyMjI3ODgxMDI1MzUwOTY5OjE3NzM1NTcyNDE6c3BfYXRmOjMwMDkwMzI2OTE1MDkzMjo6MDo6&url=%2FASUS-Vivobook-Smartchoice-Office24-M3407KA-SF049WS%2Fdp%2FB0FMRV42V9%2Fref%3Dsr_1_2_sspa%3Fdib%3DeyJ2IjoiMSJ9.hJDFApibiOcDEB0nfcXmShBOi4Wa7RF870vRhjG9BPhmXeK6aBRnbQPv55jS3UdyDkYkUHubQPqdjTIoKOAdn9nuydXg2Gn_WkGQE3GK802s4uJ539KQwpXCSgEqhgX_TLBRuxOiPHch7naJbsnCZAVN5dUWUYYtcnMVTxO8IYSGXMME-HlkYfA180qgF8mDEnbcRgi6aSsCwGwBgC4hYv-ezVo_mHmnSQJTc--e3vM.WeVKaMvLBi8_fXcI66-NEIKnU5JEO5LMbk-CWsDYTKc%26dib_tag%3Dse%26keywords%3Dlaptop%26qid%3D1773557241%26sr%3D8-2-spons%26aref%3D1LizSQI7qo%26sp_csd%3Dd2lkZ2V0TmFtZT1zcF9hdGY%26psc%3D1&aref=1LizSQI7qo&sp_cr=ZAZ
"HP Pavilion x360, 13th Gen Intel Core i5-1335U (16GB DDR4, 1TB SSD) FHD, 14''/35.6 cm, Touchscreen 2-in-1, Win 11, Office 21, Silver, 1.51 kg, ek1010TU/1149tu, FPR, 5MP Camera, B&O, Backlit Laptop","78,990",3.9,https://www.amazon.in/HP-Pavilion-i5-1335U-Graphics-14-ek1010TU/dp/B0BRT8BRKY/ref=sr_1_25?dib=eyJ2IjoiMSJ9.NnEFTphInJoCQIPLnyN_QpZ-iLK2QV5D8MJzHgeEQuQJ4oA5nG_OsaHA6vIRwosXn_j_DlhmHrPqOw0XgZaYZByV-cg4Z1nTlqwXMPOl9B8XCG3Vf-Gno8IK3iMccjHBWlUPM3RAFDnESKu-dB7VD1VQW5C6yEamI8xJfKqSpz_2xVUReIooR8-Ig__tXtEGX0WEn3Yv5c9PVmtCEXS65jyPrvYAMB7vZvkWGYZ5ekg.E2nH1uPniXgu25ildy1AC0iFrJauR9VJc0e4M3BGmjM&dib_tag=se&keywords=laptop&qid=1773557248&sr=8-25
"Lenovo Smartchoice Ideapad Slim 3, 13th Gen Intel Core i7 13620H, 16GB RAM, 512GB SSD, WUXGA IPS, 15.3""/38.8cm, Win 11, Office 2024, Top Metal Cover Grey, 1.6Kg, 83K100CJIN/S1IN, Backlit KB, Laptop","77,390",4.2,https://www.amazon.in/Lenovo-Smartchoice-I7-13620H-Keyboard-83K100CJIN/dp/B0F2162VGQ/ref=sr_1_26?dib=eyJ2IjoiMSJ9.NnEFTphInJoCQIPLnyN_QpZ-iLK2QV5D8MJzHgeEQuQJ4oA5nG_OsaHA6vIRwosXn_j_DlhmHrPqOw0XgZaYZByV-cg4Z1nTlqwXMPOl9B8XCG3Vf-Gno8IK3iMccjHBWlUPM3RAFDnESKu-dB7VD1VQW5C6yEamI8xJfKqSpz_2xVUReIooR8-Ig__tXtEGX0WEn3Yv5c9PVmtCEXS65jyPrvYAMB7vZvkWGYZ5ekg.E2nH1uPniXgu25ildy1AC0iFrJauR9VJc0e4M3BGmjM&dib_tag=se&keywords=laptop&qid=1773557248&sr=8-26
"HP Omnibook 5 OLED (Previously Pavilion), Snapdragon X Processor (16GB LPDDR5x,1TB SSD) 2K OLED,16''/40.6cm, Win11, M365*Office24, Glacier Silver, 1.59kg, fb0001QU, Backlit, Next-Gen AI Laptop","66,049",4.1,https://www.amazon.in/sspa/click?ie=UTF8&spc=MToyMjI3ODgxMDI1MzUwOTY5OjE3NzM1NTcyNDE6c3BfYXRmOjMwMDkwMDY5NDE0ODYzMjo6MDo6&url=%2FHP-Previously-Snapdragon-Processor-fb0001QU%2Fdp%2FB0FRM3G9JF%2Fref%3Dsr_1_1_sspa%3Fdib%3DeyJ2IjoiMSJ9.hJDFApibiOcDEB0nfcXmShBOi4Wa7RF870vRhjG9BPhmXeK6aBRnbQPv55jS3UdyDkYkUHubQPqdjTIoKOAdn9nuydXg2Gn_WkGQE3GK802s4uJ539KQwpXCSgEqhgX_TLBRuxOiPHch7naJbsnCZAVN5dUWUYYtcnMVTxO8IYSGXMME-HlkYfA180qgF8mDEnbcRgi6aSsCwGwBgC4hYv-ezVo_mHmnSQJTc--e3vM.WeVKaMvLBi8_fXcI66-NEIKnU5JEO5LMbk-CWsDYTKc%26dib_tag%3Dse%26keywords%3Dlaptop%26qid%3D1773557241%26sr%3D8-1-spons%26aref%3Dt3IlMZ5VyW%26sp_csd%3Dd2lkZ2V0TmFtZT1zcF9hdGY%26psc%3D1&aref=t3IlMZ5VyW&sp_cr=ZAZ
"ASUS Vivobook 14,Smartchoice,AMD Ryzen AI 5 330, 16GB RAM, 512GB SSD,FHD+ 14"", Win11,Office24, M365 Basic (1Yr)*,Quiet Blue, 1.46Kg,M1407KA-LY132WS,AMD Radeon iGPU, 50 Tops,Next-Gen AI Laptop,Copilot+","61,990",3.3,https://www.amazon.in/sspa/click?ie=UTF8&spc=MToyMjI3ODgxMDI1MzUwOTY5OjE3NzM1NTcyNDE6c3BfbXRmOjMwMDk2NTY1NzcwNzkzMjo6MDo6&url=%2FASUS-Vivobook-Smartchoice-Office24-M1407KA-LY132WS%2Fdp%2FB0FMRSDQL2%2Fref%3Dsr_1_12_sspa%3Fdib%3DeyJ2IjoiMSJ9.hJDFApibiOcDEB0nfcXmShBOi4Wa7RF870vRhjG9BPhmXeK6aBRnbQPv55jS3UdyDkYkUHubQPqdjTIoKOAdn9nuydXg2Gn_WkGQE3GK802s4uJ539KQwpXCSgEqhgX_TLBRuxOiPHch7naJbsnCZAVN5dUWUYYtcnMVTxO8IYSGXMME-HlkYfA180qgF8mDEnbcRgi6aSsCwGwBgC4hYv-ezVo_mHmnSQJTc--e3vM.WeVKaMvLBi8_fXcI66-NEIKnU5JEO5LMbk-CWsDYTKc%26dib_tag%3Dse%26keywords%3Dlaptop%26qid%3D1773557241%26sr%3D8-12-spons%26aref%3DGaifpI2QK9%26sp_csd%3Dd2lkZ2V0TmFtZT1zcF9tdGY%26psc%3D1&aref=GaifpI2QK9&sp_cr=ZAZ
"HP 14, 13th Gen Intel Core i5-1334U Laptop (16GB DDR4,512GB SSD) Anti-Glare, Micro-Edge, 14/35.6cm, FHD, Win11, M365 Basic(1yr),Office Home24, Silver,1.4kg, FHD Camera w/Privacy Shutter,ep0340TU","60,990",3.2,https://www.amazon.in/HP-i5-1334U-Anti-Glare-Micro-Edge-ep0340TU/dp/B0F9TNNKYZ/ref=sr_1_36?dib=eyJ2IjoiMSJ9.4LTvQgazwu4fQVtnEPU6UIdvimWNYMa3F3belTQfVjATZmFhP-DN7eAtX02vobu_C4w8Xm7ABfB3JINjTCTC_KQ-VSSM-bxG3iLG4nWoW83sBgWBfU4yMD5h3fgAbyF2ZydMLE-UK05lJWS9m4G6gwgae3glRiOa4bAuVUWFlAj7A2Yj5oTJ5N6AGaWiXCi0FQxXvLGR-VHHpgYutjnySMMGAC2LNTkq9oPfphNuOqs.qGmjWWgMl5Jk7hIE4GJEUnbRtYWBcsmaq1YJYzRaCOI&dib_tag=se&keywords=laptop&qid=1773557253&sr=8-36
"acer Aspire Lite, AMD Ryzen 3 5300U Processor, 16 GB RAM, 512GB SSD, Full HD, 15.6""/39.62cm, Windows 11 Home, Steel Gray, 1.59KG, AL15-41, Metal Body, Premium Thin and Light Laptop","39,990",3.9,https://www.amazon.in/Acer-Premium-Windows-AL15-41-Display/dp/B0CWTYGPH8/ref=sr_1_57?dib=eyJ2IjoiMSJ9.B4eM_PPZ9d1g1yQt3BJehxIwzqLLCo2l49vdIrHqQR-IwAIWMxmy1sMTIGeYh-kPLO62vJeJaPI7_ARJnEacYci1q33SFkl66VJuOrbnQpFTODsnyLiBf2AEMjmtgda65SA-NyChNukQh9y0rkHQlANTgZq1ZwDQ6Pigkruow9ndgC89Ed2J3ZroAxE_Vc37rTlnOVChMasM_qrPh6EOZJ4SM-HrgjOQn5kFDSfK8Po.EzMnHpIwBjk6q6ZLz0ZnHe7_1vp2HWoNpM1o12hF4Ew&dib_tag=se&keywords=laptop&qid=1773557257&sr=8-57
"HP Omnibook 5 OLED (Previously Pavilion), Snapdragon X Processor (16GB LPDDR5x,1TB SSD) 2K OLED,16''/40.6cm, Win11, M365*Office24, Glacier Silver, 1.59kg, fb0001QU, Backlit, Next-Gen AI Laptop","66,049",4.1,https://www.amazon.in/sspa/click?ie=UTF8&spc=MTo0NDQ2NjYzMjQzNTEwMzE3OjE3NzM1NTcyNTc6c3BfYXRmX25leHQ6MzAwOTAwNjk0MTQ4NjMyOjowOjo&url=%2FHP-Previously-Snapdragon-Processor-fb0001QU%2Fdp%2FB0FRM3G9JF%2Fref%3Dsr_1_50_sspa%3Fdib%3DeyJ2IjoiMSJ9.B4eM_PPZ9d1g1yQt3BJehxIwzqLLCo2l49vdIrHqQR-IwAIWMxmy1sMTIGeYh-kPLO62vJeJaPI7_ARJnEacYci1q33SFkl66VJuOrbnQpFTODsnyLiBf2AEMjmtgda65SA-NyChNukQh9y0rkHQlANTgZq1ZwDQ6Pigkruow9ndgC89Ed2J3ZroAxE_Vc37rTlnOVChMasM_qrPh6EOZJ4SM-HrgjOQn5kFDSfK8Po.EzMnHpIwBjk6q6ZLz0ZnHe7_1vp2HWoNpM1o12hF4Ew%26dib_tag%3Dse%26keywords%3Dlaptop%26qid%3D1773557257%26sr%3D8-50-spons%26aref%3Dt3IlMZ5VyW%26sp_csd%3Dd2lkZ2V0TmFtZT1zcF9hdGZfbmV4dA%26psc%3D1&aref=t3IlMZ5VyW&sp_cr=ZAZ
"Lenovo Thinkpad P16v Intel Core Ultra 9 185H 16""(40.64 cm) WUXGA IPS 300Nits, AI Ready Thin and Light Workstation (32GB/1TB/Win11 Pro/Backlit/NVIDIA RTX 3000 8GB/Black/3Y Premier/2.22Kg), 21KXS05300","2,99,000",N/A,https://www.amazon.in/Lenovo-Thinkpad-300Nits-Workstation-21KXS05300/dp/B0DVGLDZX6/ref=sr_1_67?dib=eyJ2IjoiMSJ9.B4eM_PPZ9d1g1yQt3BJehxIwzqLLCo2l49vdIrHqQR-IwAIWMxmy1sMTIGeYh-kPLO62vJeJaPI7_ARJnEacYci1q33SFkl66VJuOrbnQpFTODsnyLiBf2AEMjmtgda65SA-NyChNukQh9y0rkHQlANTgZq1ZwDQ6Pigkruow9ndgC89Ed2J3ZroAxE_Vc37rTlnOVChMasM_qrPh6EOZJ4SM-HrgjOQn5kFDSfK8Po.EzMnHpIwBjk6q6ZLz0ZnHe7_1vp2HWoNpM1o12hF4Ew&dib_tag=se&keywords=laptop&qid=1773557257&sr=8-67
"Lenovo V15 G4 AMD Athlon Silver 7120U Laptop 8GB LPDDR5 Ram, 512 GB SSD PCIe, Windows 11/MS Office,15.6"" FHD Screen, AMD Radeon 610M, Silver, 1 Year Brand Warranty","34,999",3.9,https://www.amazon.in/Lenovo-Athlon-Laptop-Windows-Warranty/dp/B0872G2MPV/ref=sr_1_16?dib=eyJ2IjoiMSJ9.hJDFApibiOcDEB0nfcXmShBOi4Wa7RF870vRhjG9BPhmXeK6aBRnbQPv55jS3UdyDkYkUHubQPqdjTIoKOAdn9nuydXg2Gn_WkGQE3GK802s4uJ539KQwpXCSgEqhgX_TLBRuxOiPHch7naJbsnCZAVN5dUWUYYtcnMVTxO8IYSGXMME-HlkYfA180qgF8mDEnbcRgi6aSsCwGwBgC4hYv-ezVo_mHmnSQJTc--e3vM.WeVKaMvLBi8_fXcI66-NEIKnU5JEO5LMbk-CWsDYTKc&dib_tag=se&keywords=laptop&qid=1773557241&sr=8-16
"ASUS ProArt PX13 (2026),AMD Ryzen AI MAX+ 395,AMD Radeon 8060S iGPU,128GB RAM,1TB SSD,3K OLED,13.3""(33.7 cm),Win 11,M365 Basic(1Y)* Office 2024,Nano Black,1.39 Kg,HN7306EAC-LX052WS,AI Creator Laptop","3,34,990",N/A,https://www.amazon.in/ASUS-ProArt-Radeon-HN7306EAC-LX052WS-Creator/dp/B0GLFHMJXL/ref=sr_1_51?dib=eyJ2IjoiMSJ9.4LTvQgazwu4fQVtnEPU6UIdvimWNYMa3F3belTQfVjATZmFhP-DN7eAtX02vobu_C4w8Xm7ABfB3JINjTCTC_KQ-VSSM-bxG3iLG4nWoW83sBgWBfU4yMD5h3fgAbyF2ZydMLE-UK05lJWS9m4G6gwgae3glRiOa4bAuVUWFlAj7A2Yj5oTJ5N6AGaWiXCi0FQxXvLGR-VHHpgYutjnySMMGAC2LNTkq9oPfphNuOqs.qGmjWWgMl5Jk7hIE4GJEUnbRtYWBcsmaq1YJYzRaCOI&dib_tag=se&keywords=laptop&qid=1773557253&sr=8-51
"ASUS Vivobook 15, Intel Core i7 13th Gen 13620H, 16GB RAM, 512GB SSD, FHD 15.6"", Windows 11, Office Home 2024, Quiet Blue, 1.70kg, X1502VA-BQ838WS, Intel UHD iGPU, M365 Basic (1Year)* Laptop","63,990",4.0,https://www.amazon.in/ASUS-Vivobook-i7-13620H-Keyboard-X1502VA-BQ838WS/dp/B0DYDZQYKP/ref=sr_1_61?dib=eyJ2IjoiMSJ9.B4eM_PPZ9d1g1yQt3BJehxIwzqLLCo2l49vdIrHqQR-IwAIWMxmy1sMTIGeYh-kPLO62vJeJaPI7_ARJnEacYci1q33SFkl66VJuOrbnQpFTODsnyLiBf2AEMjmtgda65SA-NyChNukQh9y0rkHQlANTgZq1ZwDQ6Pigkruow9ndgC89Ed2J3ZroAxE_Vc37rTlnOVChMasM_qrPh6EOZJ4SM-HrgjOQn5kFDSfK8Po.EzMnHpIwBjk6q6ZLz0ZnHe7_1vp2HWoNpM1o12hF4Ew&dib_tag=se&keywords=laptop&qid=1773557257&sr=8-61
"Primebook 2 Neo 2025 (New Launch) | 6GB RAM, 128GB Storage (Upgradable Upto 512GB) | MediaTek Helio G99 | Android 15 (PrimeOS3.0) | in-Built AI | 11.6” Thin & Light Laptop | Type-C, USB, MicroSD Ports","15,990",4.4,https://www.amazon.in/sspa/click?ie=UTF8&spc=MTo1OTMwMDA3NDc4MzU2MjAyOjE3NzM1NTcyNTM6c3Bfc2VhcmNoX3RoZW1hdGljOjMwMDYyMTQ2MTg5MTEzMjo6Mjo6&url=%2FPrimebook-Upgradable-MediaTek-G99-PrimeOS3-0%2Fdp%2FB0FDLB7BQZ%2Fref%3Dsxin_13_pa_sp_search_thematic_sspa%3Fcontent-id%3Damzn1.sym.c007a59b-1788-4f64-b1ed-4d72476022eb%253Aamzn1.sym.c007a59b-1788-4f64-b1ed-4d72476022eb%26cv_ct_cx%3Dlaptop%26keywords%3Dlaptop%26pd_rd_i%3DB0FDLB7BQZ%26pd_rd_r%3Df4d351ae-411e-4dfb-a6e4-a5813d3e4a96%26pd_rd_w%3DIfy41%26pd_rd_wg%3DL1MzF%26pf_rd_p%3Dc007a59b-1788-4f64-b1ed-4d72476022eb%26pf_rd_r%3DB1D9W8X0MNG6FWK6CF34%26qid%3D1773557253%26sbo%3DRZvfv%252F%252FHxDF%252BO5021pAnSA%253D%253D%26sr%3D1-35-2ec22325-1003-449d-8aaf-c0bcc24717ae-spons%26aref%3DE8O8DLTkwq%26sp_csd%3Dd2lkZ2V0TmFtZT1zcF9zZWFyY2hfdGhlbWF0aWM%26psc%3D1&aref=E8O8DLTkwq&sp_cr=ZAZ
"Lenovo ThinkBook 16 AMD Ryzen 5 7535HS (8GB RAM/512GB SSD/Win 11 Home/Office 2024/Backlit Keyboard/Fingerprint) 16"" WUXGA IPS 300 Nits Thin & Light Laptop/1Y Warranty/Aluminium Top/1.7kg, 21MWA0BRIN","51,350",4.0,https://www.amazon.in/sspa/click?ie=UTF8&spc=MToxMjE4OTQwOTk4OTg5MzYyOjE3NzM1NTcyNDg6c3Bfc2VhcmNoX3RoZW1hdGljOjMwMDk3Mjg2ODEzMTkzMjo6NDo6&url=%2FLenovo-ThinkBook-Fingerprint-Aluminium-21MWA0BRIN%2Fdp%2FB0DZJ1ZJG2%2Fref%3Dsxin_13_pa_sp_search_thematic_sspa%3Fcontent-id%3Damzn1.sym.c007a59b-1788-4f64-b1ed-4d72476022eb%253Aamzn1.sym.c007a59b-1788-4f64-b1ed-4d72476022eb%26cv_ct_cx%3Dlaptop%26keywords%3Dlaptop%26pd_rd_i%3DB0DZJ1ZJG2%26pd_rd_r%3D42cc1ee6-fff4-49ad-b78e-48f3dc07ade2%26pd_rd_w%3D9V1GQ%26pd_rd_wg%3DdhzaV%26pf_rd_p%3Dc007a59b-1788-4f64-b1ed-4d72476022eb%26pf_rd_r%3DAJ46KYEH2KE2D1BKSY93%26qid%3D1773557248%26sbo%3DRZvfv%252F%252FHxDF%252BO5021pAnSA%253D%253D%26sr%3D1-21-2ec22325-1003-449d-8aaf-c0bcc24717ae-spons%26aref%3D1gevEYlUXl%26sp_csd%3Dd2lkZ2V0TmFtZT1zcF9zZWFyY2hfdGhlbWF0aWM%26psc%3D1&aref=1gevEYlUXl&sp_cr=ZAZ
Model T490s | InteI Core i5 8th Gen Processor | 8GB RAM | 256GB SSD | 14-inch FHD Display | Win 10 pro | A+ Condition Laptop (Refab),"24,995",N/A,https://www.amazon.in/Processor-14-inch-Display-Condition-Laptop/dp/B0GQM56P95/ref=sr_1_15?dib=eyJ2IjoiMSJ9.hJDFApibiOcDEB0nfcXmShBOi4Wa7RF870vRhjG9BPhmXeK6aBRnbQPv55jS3UdyDkYkUHubQPqdjTIoKOAdn9nuydXg2Gn_WkGQE3GK802s4uJ539KQwpXCSgEqhgX_TLBRuxOiPHch7naJbsnCZAVN5dUWUYYtcnMVTxO8IYSGXMME-HlkYfA180qgF8mDEnbcRgi6aSsCwGwBgC4hYv-ezVo_mHmnSQJTc--e3vM.WeVKaMvLBi8_fXcI66-NEIKnU5JEO5LMbk-CWsDYTKc&dib_tag=se&keywords=laptop&qid=1773557241&sr=8-15
"Lenovo V14 Intel Core i3 13th Gen 14"" FHD (1920x1080) Antiglare 250 Nits Thin and Light Laptop (16GB RAM/512GB SSD/Windows 11 Home/Office Home 2024/Iron Grey/1.43 kg), 83A0A0PCIN","48,990",N/A,https://www.amazon.in/sspa/click?ie=UTF8&spc=MTo0NDQ2NjYzMjQzNTEwMzE3OjE3NzM1NTcyNTc6c3BfYnRmOjMwMDY5NjkxMDA2MTgzMjo6MDo6&url=%2FLenovo-1920x1080-Antiglare-Windows-83A0A0PCIN%2Fdp%2FB0FNQZ9HWX%2Fref%3Dsr_1_70_sspa%3Fdib%3DeyJ2IjoiMSJ9.B4eM_PPZ9d1g1yQt3BJehxIwzqLLCo2l49vdIrHqQR-IwAIWMxmy1sMTIGeYh-kPLO62vJeJaPI7_ARJnEacYci1q33SFkl66VJuOrbnQpFTODsnyLiBf2AEMjmtgda65SA-NyChNukQh9y0rkHQlANTgZq1ZwDQ6Pigkruow9ndgC89Ed2J3ZroAxE_Vc37rTlnOVChMasM_qrPh6EOZJ4SM-HrgjOQn5kFDSfK8Po.EzMnHpIwBjk6q6ZLz0ZnHe7_1vp2HWoNpM1o12hF4Ew%26dib_tag%3Dse%26keywords%3Dlaptop%26qid%3D1773557257%26sr%3D8-70-spons%26aref%3DM0zFv9qL7N%26sp_csd%3Dd2lkZ2V0TmFtZT1zcF9idGY%26psc%3D1&aref=M0zFv9qL7N&sp_cr=ZAZ
"ULTIMUS Pro Intel Celeron Dual Core Laptop 4GB RAM, 128GB M.2 Emmc Expandable~512GB Intel HD Graphics 2.0x1 3.0x1 USB HDMI Sd Card Slot ‎LPDDR4 Dual Speaker Dual Microphone Win 11 Home Gray, 1.2 kg","11,990",3.2,https://www.amazon.in/ULTIMUS-Celeron-Expandable-512GB-Graphics-Microphone/dp/B0D98DS8ZR/ref=sr_1_37?dib=eyJ2IjoiMSJ9.4LTvQgazwu4fQVtnEPU6UIdvimWNYMa3F3belTQfVjATZmFhP-DN7eAtX02vobu_C4w8Xm7ABfB3JINjTCTC_KQ-VSSM-bxG3iLG4nWoW83sBgWBfU4yMD5h3fgAbyF2ZydMLE-UK05lJWS9m4G6gwgae3glRiOa4bAuVUWFlAj7A2Yj5oTJ5N6AGaWiXCi0FQxXvLGR-VHHpgYutjnySMMGAC2LNTkq9oPfphNuOqs.qGmjWWgMl5Jk7hIE4GJEUnbRtYWBcsmaq1YJYzRaCOI&dib_tag=se&keywords=laptop&qid=1773557253&sr=8-37
"acer Professional 14, AMD Ryzen 3-7330U, 8GB RAM, 512GB SSD, 14"" Full HD,UHD Graphics, Premium Metal Body, Windows 11 Pro, MSO 21, 1.34KG, Travel Lite, TL14-42M, Light Laptop 8GB RAM","36,990",5.0,https://www.amazon.in/acer-Professional-3-7330U-Graphics-TL14-42M/dp/B0FG3C3RQ9/ref=sr_1_19?dib=eyJ2IjoiMSJ9.hJDFApibiOcDEB0nfcXmShBOi4Wa7RF870vRhjG9BPhmXeK6aBRnbQPv55jS3UdyDkYkUHubQPqdjTIoKOAdn9nuydXg2Gn_WkGQE3GK802s4uJ539KQwpXCSgEqhgX_TLBRuxOiPHch7naJbsnCZAVN5dUWUYYtcnMVTxO8IYSGXMME-HlkYfA180qgF8mDEnbcRgi6aSsCwGwBgC4hYv-ezVo_mHmnSQJTc--e3vM.WeVKaMvLBi8_fXcI66-NEIKnU5JEO5LMbk-CWsDYTKc&dib_tag=se&keywords=laptop&qid=1773557241&sr=8-19
"HP OmniBook 5 (Previously Pavilion),13th Gen Intel Core i5 1334U (16GB LPDDR5X,512GB SSD) 2K, WUXGA,IPS,300 nits,16''/40.6cm Touchscreen, Win11, M365, Office24, Silver,1.79kg,ba1789TU,IR Camera Laptop","67,990",N/A,https://www.amazon.in/HP-OmniBook-Anti-Glare-Touchscreen-Office24/dp/B0F1DF4V3L/ref=sr_1_48?dib=eyJ2IjoiMSJ9.4LTvQgazwu4fQVtnEPU6UIdvimWNYMa3F3belTQfVjATZmFhP-DN7eAtX02vobu_C4w8Xm7ABfB3JINjTCTC_KQ-VSSM-bxG3iLG4nWoW83sBgWBfU4yMD5h3fgAbyF2ZydMLE-UK05lJWS9m4G6gwgae3glRiOa4bAuVUWFlAj7A2Yj5oTJ5N6AGaWiXCi0FQxXvLGR-VHHpgYutjnySMMGAC2LNTkq9oPfphNuOqs.qGmjWWgMl5Jk7hIE4GJEUnbRtYWBcsmaq1YJYzRaCOI&dib_tag=se&keywords=laptop&qid=1773557253&sr=8-48
"Lenovo ThinkBook 16 AMD Ryzen 5 7535HS (8GB RAM/512GB SSD/Win 11 Home/Office 2024/Backlit Keyboard/Fingerprint) 16"" WUXGA IPS 300 Nits Thin & Light Laptop/1Y Warranty/Aluminium Top/1.7kg, 21MWA0BRIN","51,350",4.0,https://www.amazon.in/sspa/click?ie=UTF8&spc=MTo1OTMwMDA3NDc4MzU2MjAyOjE3NzM1NTcyNTM6c3Bfc2VhcmNoX3RoZW1hdGljOjMwMDk3Mjg2ODEzMTkzMjo6Mzo6&url=%2FLenovo-ThinkBook-Fingerprint-Aluminium-21MWA0BRIN%2Fdp%2FB0DZJ1ZJG2%2Fref%3Dsxin_13_pa_sp_search_thematic_sspa%3Fcontent-id%3Damzn1.sym.c007a59b-1788-4f64-b1ed-4d72476022eb%253Aamzn1.sym.c007a59b-1788-4f64-b1ed-4d72476022eb%26cv_ct_cx%3Dlaptop%26keywords%3Dlaptop%26pd_rd_i%3DB0DZJ1ZJG2%26pd_rd_r%3Df4d351ae-411e-4dfb-a6e4-a5813d3e4a96%26pd_rd_w%3DIfy41%26pd_rd_wg%3DL1MzF%26pf_rd_p%3Dc007a59b-1788-4f64-b1ed-4d72476022eb%26pf_rd_r%3DB1D9W8X0MNG6FWK6CF34%26qid%3D1773557253%26sbo%3DRZvfv%252F%252FHxDF%252BO5021pAnSA%253D%253D%26sr%3D1-36-2ec22325-1003-449d-8aaf-c0bcc24717ae-spons%26aref%3D1gevEYlUXl%26sp_csd%3Dd2lkZ2V0TmFtZT1zcF9zZWFyY2hfdGhlbWF0aWM%26psc%3D1&aref=1gevEYlUXl&sp_cr=ZAZ
"Primebook 2 Neo 2025 (New Launch) | 6GB RAM, 128GB Storage (Upgradable Upto 512GB) | MediaTek Helio G99 | Android 15 (PrimeOS3.0) | in-Built AI | 11.6” Thin & Light Laptop | Type-C, USB, MicroSD Ports","15,990",4.4,https://www.amazon.in/sspa/click?ie=UTF8&spc=MToxMjE4OTQwOTk4OTg5MzYyOjE3NzM1NTcyNDg6c3Bfc2VhcmNoX3RoZW1hdGljOjMwMDYyMTQ2MTg5MTEzMjo6Mzo6&url=%2FPrimebook-Upgradable-MediaTek-G99-PrimeOS3-0%2Fdp%2FB0FDLB7BQZ%2Fref%3Dsxin_13_pa_sp_search_thematic_sspa%3Fcontent-id%3Damzn1.sym.c007a59b-1788-4f64-b1ed-4d72476022eb%253Aamzn1.sym.c007a59b-1788-4f64-b1ed-4d72476022eb%26cv_ct_cx%3Dlaptop%26keywords%3Dlaptop%26pd_rd_i%3DB0FDLB7BQZ%26pd_rd_r%3D42cc1ee6-fff4-49ad-b78e-48f3dc07ade2%26pd_rd_w%3D9V1GQ%26pd_rd_wg%3DdhzaV%26pf_rd_p%3Dc007a59b-1788-4f64-b1ed-4d72476022eb%26pf_rd_r%3DAJ46KYEH2KE2D1BKSY93%26qid%3D1773557248%26sbo%3DRZvfv%252F%252FHxDF%252BO5021pAnSA%253D%253D%26sr%3D1-20-2ec22325-1003-449d-8aaf-c0bcc24717ae-spons%26aref%3DE8O8DLTkwq%26sp_csd%3Dd2lkZ2V0TmFtZT1zcF9zZWFyY2hfdGhlbWF0aWM%26psc%3D1&aref=E8O8DLTkwq&sp_cr=ZAZ
"ASUS ProArt P16 OLED (2025), AMD Ryzen AI 9 HX 370, RTX 5080-16GB,64GB RAM, 2TB SSD, 16""/40.64cm Touchscreen, 4K, 120Hz,Windows 11,M365 Basic (1Year)*/Office 2024, Nano Black, 1.95Kg,H7606WW-SE023WS","3,99,990",2.4,https://www.amazon.in/sspa/click?ie=UTF8&spc=MTozMTk4ODIyNDM1ODMzMjcyOjE3NzM1NTcyNDg6c3BfbXRmOjMwMDk2NTY1NzcwNjczMjo6MDo6&url=%2FASUS-5080-16GB-40-64cm-Touchscreen-H7606WW-SE023WS%2Fdp%2FB0FYQ3CWRR%2Fref%3Dsr_1_27_sspa%3Fdib%3DeyJ2IjoiMSJ9.NnEFTphInJoCQIPLnyN_QpZ-iLK2QV5D8MJzHgeEQuQJ4oA5nG_OsaHA6vIRwosXn_j_DlhmHrPqOw0XgZaYZByV-cg4Z1nTlqwXMPOl9B8XCG3Vf-Gno8IK3iMccjHBWlUPM3RAFDnESKu-dB7VD1VQW5C6yEamI8xJfKqSpz_2xVUReIooR8-Ig__tXtEGX0WEn3Yv5c9PVmtCEXS65jyPrvYAMB7vZvkWGYZ5ekg.E2nH1uPniXgu25ildy1AC0iFrJauR9VJc0e4M3BGmjM%26dib_tag%3Dse%26keywords%3Dlaptop%26qid%3D1773557248%26sr%3D8-27-spons%26aref%3DF8zWYzL8kn%26sp_csd%3Dd2lkZ2V0TmFtZT1zcF9tdGY%26psc%3D1&aref=F8zWYzL8kn&sp_cr=ZAZ
"HP 15, 13th Gen Intel Core i3-1315U, (8GB DDR4,512GB SSD) Anti-Glare, Micro-Edge, FHD,15.6''/39.6cm, Win11,M365 Basic(1yr),Office24, Silver,1.59kg, fd0572TU, FHD Camera w/Shutter, Backlit Laptop","40,990",4.2,https://www.amazon.in/HP-i3-1315U-Anti-Glare-Micro-Edge-fd0572TU/dp/B0F4R6GXWJ/ref=sr_1_4?dib=eyJ2IjoiMSJ9.hJDFApibiOcDEB0nfcXmShBOi4Wa7RF870vRhjG9BPhmXeK6aBRnbQPv55jS3UdyDkYkUHubQPqdjTIoKOAdn9nuydXg2Gn_WkGQE3GK802s4uJ539KQwpXCSgEqhgX_TLBRuxOiPHch7naJbsnCZAVN5dUWUYYtcnMVTxO8IYSGXMME-HlkYfA180qgF8mDEnbcRgi6aSsCwGwBgC4hYv-ezVo_mHmnSQJTc--e3vM.WeVKaMvLBi8_fXcI66-NEIKnU5JEO5LMbk-CWsDYTKc&dib_tag=se&keywords=laptop&qid=1773557241&sr=8-4
"ASUS ProArt P16 OLED (2025), AMD Ryzen AI 9 HX 370, RTX 5080-16GB,64GB RAM, 2TB SSD, 16""/40.64cm Touchscreen, 4K, 120Hz,Windows 11,M365 Basic (1Year)*/Office 2024, Nano Black, 1.95Kg,H7606WW-SE023WS","3,99,990",2.4,https://www.amazon.in/sspa/click?ie=UTF8&spc=MToyMjI3ODgxMDI1MzUwOTY5OjE3NzM1NTcyNDE6c3BfbXRmOjMwMDk2NTY1NzcwNjczMjo6MDo6&url=%2FASUS-5080-16GB-40-64cm-Touchscreen-H7606WW-SE023WS%2Fdp%2FB0FYQ3CWRR%2Fref%3Dsr_1_11_sspa%3Fdib%3DeyJ2IjoiMSJ9.hJDFApibiOcDEB0nfcXmShBOi4Wa7RF870vRhjG9BPhmXeK6aBRnbQPv55jS3UdyDkYkUHubQPqdjTIoKOAdn9nuydXg2Gn_WkGQE3GK802s4uJ539KQwpXCSgEqhgX_TLBRuxOiPHch7naJbsnCZAVN5dUWUYYtcnMVTxO8IYSGXMME-HlkYfA180qgF8mDEnbcRgi6aSsCwGwBgC4hYv-ezVo_mHmnSQJTc--e3vM.WeVKaMvLBi8_fXcI66-NEIKnU5JEO5LMbk-CWsDYTKc%26dib_tag%3Dse%26keywords%3Dlaptop%26qid%3D1773557241%26sr%3D8-11-spons%26aref%3DF8zWYzL8kn%26sp_csd%3Dd2lkZ2V0TmFtZT1zcF9tdGY%26psc%3D1&aref=F8zWYzL8kn&sp_cr=ZAZ
"ASUS Vivobook S14,Smartchoice,AMD Ryzen AI 7 350,16GB RAM,1TB SSD,OLED,14"",Windows 11, Office24,M365 Basic (1Yr)*, Matte Gray,1.4Kg, M3407KA-SF049WS,50 Tops,Metallic Design,Next-Gen AI Laptop,Copilot+","83,990",3.6,https://www.amazon.in/sspa/click?ie=UTF8&spc=MTo0NDYzNDY3NzQ4OTE5NjM6MTc3MzU1NzI1MzpzcF9hdGZfbmV4dDozMDA5MDMyNjkxNTA5MzI6OjA6Og&url=%2FASUS-Vivobook-Smartchoice-Office24-M3407KA-SF049WS%2Fdp%2FB0FMRV42V9%2Fref%3Dsr_1_33_sspa%3Fdib%3DeyJ2IjoiMSJ9.4LTvQgazwu4fQVtnEPU6UIdvimWNYMa3F3belTQfVjATZmFhP-DN7eAtX02vobu_C4w8Xm7ABfB3JINjTCTC_KQ-VSSM-bxG3iLG4nWoW83sBgWBfU4yMD5h3fgAbyF2ZydMLE-UK05lJWS9m4G6gwgae3glRiOa4bAuVUWFlAj7A2Yj5oTJ5N6AGaWiXCi0FQxXvLGR-VHHpgYutjnySMMGAC2LNTkq9oPfphNuOqs.qGmjWWgMl5Jk7hIE4GJEUnbRtYWBcsmaq1YJYzRaCOI%26dib_tag%3Dse%26keywords%3Dlaptop%26qid%3D1773557253%26sr%3D8-33-spons%26aref%3D1LizSQI7qo%26sp_csd%3Dd2lkZ2V0TmFtZT1zcF9hdGZfbmV4dA%26psc%3D1&aref=1LizSQI7qo&sp_cr=ZAZ
"ASUS ProArt P16 OLED (2025), AMD Ryzen AI 9 HX 370, RTX 5080-16GB,64GB RAM, 2TB SSD, 16""/40.64cm Touchscreen, 4K, 120Hz,Windows 11,M365 Basic (1Year)*/Office 2024, Nano Black, 1.95Kg,H7606WW-SE023WS","3,99,990",2.4,https://www.amazon.in/sspa/click?ie=UTF8&spc=MTo0NDQ2NjYzMjQzNTEwMzE3OjE3NzM1NTcyNTc6c3BfbXRmOjMwMDk2NTY1NzcwNjczMjo6MDo6&url=%2FASUS-5080-16GB-40-64cm-Touchscreen-H7606WW-SE023WS%2Fdp%2FB0FYQ3CWRR%2Fref%3Dsr_1_60_sspa%3Fdib%3DeyJ2IjoiMSJ9.B4eM_PPZ9d1g1yQt3BJehxIwzqLLCo2l49vdIrHqQR-IwAIWMxmy1sMTIGeYh-kPLO62vJeJaPI7_ARJnEacYci1q33SFkl66VJuOrbnQpFTODsnyLiBf2AEMjmtgda65SA-NyChNukQh9y0rkHQlANTgZq1ZwDQ6Pigkruow9ndgC89Ed2J3ZroAxE_Vc37rTlnOVChMasM_qrPh6EOZJ4SM-HrgjOQn5kFDSfK8Po.EzMnHpIwBjk6q6ZLz0ZnHe7_1vp2HWoNpM1o12hF4Ew%26dib_tag%3Dse%26keywords%3Dlaptop%26qid%3D1773557257%26sr%3D8-60-spons%26aref%3DF8zWYzL8kn%26sp_csd%3Dd2lkZ2V0TmFtZT1zcF9tdGY%26psc%3D1&aref=F8zWYzL8kn&sp_cr=ZAZ
"MSI Stealth 14 AI Studio, Intel Core Ultra 7 155H, Built-in AI,36CM 2.8K OLED 120Hz Gaming Laptop(32GB/1TB NVMe SSD/Windows 11 Home/NVIDIA GeForce RTX 4070, GDDR6 8GB /Star Blue/1.7Kg), A1VGG-054IN","2,01,990.",2.6,https://www.amazon.in/MSI-Stealth-Windows-GeForce-A1VGG-054IN/dp/B0CV5CSRL2/ref=sr_1_52?dib=eyJ2IjoiMSJ9.4LTvQgazwu4fQVtnEPU6UIdvimWNYMa3F3belTQfVjATZmFhP-DN7eAtX02vobu_C4w8Xm7ABfB3JINjTCTC_KQ-VSSM-bxG3iLG4nWoW83sBgWBfU4yMD5h3fgAbyF2ZydMLE-UK05lJWS9m4G6gwgae3glRiOa4bAuVUWFlAj7A2Yj5oTJ5N6AGaWiXCi0FQxXvLGR-VHHpgYutjnySMMGAC2LNTkq9oPfphNuOqs.qGmjWWgMl5Jk7hIE4GJEUnbRtYWBcsmaq1YJYzRaCOI&dib_tag=se&keywords=laptop&qid=1773557253&sr=8-52
"ASUS Vivobook S14,Smartchoice,AMD Ryzen AI 7 350,16GB RAM,1TB SSD,OLED,14"",Windows 11, Office24,M365 Basic (1Yr)*, Matte Gray,1.4Kg, M3407KA-SF049WS,50 Tops,Metallic Design,Next-Gen AI Laptop,Copilot+","83,990",3.6,https://www.amazon.in/sspa/click?ie=UTF8&spc=MTo0NDQ2NjYzMjQzNTEwMzE3OjE3NzM1NTcyNTc6c3BfYXRmX25leHQ6MzAwOTAzMjY5MTUwOTMyOjowOjo&url=%2FASUS-Vivobook-Smartchoice-Office24-M3407KA-SF049WS%2Fdp%2FB0FMRV42V9%2Fref%3Dsr_1_49_sspa%3Fdib%3DeyJ2IjoiMSJ9.B4eM_PPZ9d1g1yQt3BJehxIwzqLLCo2l49vdIrHqQR-IwAIWMxmy1sMTIGeYh-kPLO62vJeJaPI7_ARJnEacYci1q33SFkl66VJuOrbnQpFTODsnyLiBf2AEMjmtgda65SA-NyChNukQh9y0rkHQlANTgZq1ZwDQ6Pigkruow9ndgC89Ed2J3ZroAxE_Vc37rTlnOVChMasM_qrPh6EOZJ4SM-HrgjOQn5kFDSfK8Po.EzMnHpIwBjk6q6ZLz0ZnHe7_1vp2HWoNpM1o12hF4Ew%26dib_tag%3Dse%26keywords%3Dlaptop%26qid%3D1773557257%26sr%3D8-49-spons%26aref%3D1LizSQI7qo%26sp_csd%3Dd2lkZ2V0TmFtZT1zcF9hdGZfbmV4dA%26psc%3D1&aref=1LizSQI7qo&sp_cr=ZAZ
"HP Professional 14 (2025), Intel Core i3 13th Gen 1315U - (8 GB/512 GB SSD/Intel UHD Graphics/Windows 11 Pro) Thin and Light Business Laptop/14.0"" HD Display/Turbo Silver/1.4 Kg/MSO 2021","41,999",5.0,https://www.amazon.in/HP-Professional-14-Intel-1315U/dp/B0FVJJFYY4/ref=sr_1_24?dib=eyJ2IjoiMSJ9.NnEFTphInJoCQIPLnyN_QpZ-iLK2QV5D8MJzHgeEQuQJ4oA5nG_OsaHA6vIRwosXn_j_DlhmHrPqOw0XgZaYZByV-cg4Z1nTlqwXMPOl9B8XCG3Vf-Gno8IK3iMccjHBWlUPM3RAFDnESKu-dB7VD1VQW5C6yEamI8xJfKqSpz_2xVUReIooR8-Ig__tXtEGX0WEn3Yv5c9PVmtCEXS65jyPrvYAMB7vZvkWGYZ5ekg.E2nH1uPniXgu25ildy1AC0iFrJauR9VJc0e4M3BGmjM&dib_tag=se&keywords=laptop&qid=1773557248&sr=8-24
"Lenovo IdeaPad Slim 3, 13th Gen Intel Core i5 13420H, 24GB RAM, 1TB SSD, WUXGA IPS, 15.3""/38.8cm, Windows 11, Office Home 2024, Grey, 1.6Kg, Backlit Keyboard, 1Yr ADP Free, 83K100PLIN, Laptop","67,990",4.3,https://www.amazon.in/Lenovo-IdeaPad-i5-13420H-Keyboard-83K100PLIN/dp/B0FCY7BTCX/ref=sr_1_23?dib=eyJ2IjoiMSJ9.NnEFTphInJoCQIPLnyN_QpZ-iLK2QV5D8MJzHgeEQuQJ4oA5nG_OsaHA6vIRwosXn_j_DlhmHrPqOw0XgZaYZByV-cg4Z1nTlqwXMPOl9B8XCG3Vf-Gno8IK3iMccjHBWlUPM3RAFDnESKu-dB7VD1VQW5C6yEamI8xJfKqSpz_2xVUReIooR8-Ig__tXtEGX0WEn3Yv5c9PVmtCEXS65jyPrvYAMB7vZvkWGYZ5ekg.E2nH1uPniXgu25ildy1AC0iFrJauR9VJc0e4M3BGmjM&dib_tag=se&keywords=laptop&qid=1773557248&sr=8-23
"ASUS Vivobook 14,Smartchoice,AMD Ryzen AI 5 330, 16GB RAM, 512GB SSD,FHD+ 14"", Win11,Office24, M365 Basic (1Yr)*,Quiet Blue, 1.46Kg,M1407KA-LY132WS,AMD Radeon iGPU, 50 Tops,Next-Gen AI Laptop,Copilot+","61,990",3.3,https://www.amazon.in/sspa/click?ie=UTF8&spc=MTo0NDYzNDY3NzQ4OTE5NjM6MTc3MzU1NzI1MzpzcF9idGY6MzAwOTY1NjU3NzA3OTMyOjowOjo&url=%2FASUS-Vivobook-Smartchoice-Office24-M1407KA-LY132WS%2Fdp%2FB0FMRSDQL2%2Fref%3Dsr_1_54_sspa%3Fdib%3DeyJ2IjoiMSJ9.4LTvQgazwu4fQVtnEPU6UIdvimWNYMa3F3belTQfVjATZmFhP-DN7eAtX02vobu_C4w8Xm7ABfB3JINjTCTC_KQ-VSSM-bxG3iLG4nWoW83sBgWBfU4yMD5h3fgAbyF2ZydMLE-UK05lJWS9m4G6gwgae3glRiOa4bAuVUWFlAj7A2Yj5oTJ5N6AGaWiXCi0FQxXvLGR-VHHpgYutjnySMMGAC2LNTkq9oPfphNuOqs.qGmjWWgMl5Jk7hIE4GJEUnbRtYWBcsmaq1YJYzRaCOI%26dib_tag%3Dse%26keywords%3Dlaptop%26qid%3D1773557253%26sr%3D8-54-spons%26aref%3DGaifpI2QK9%26sp_csd%3Dd2lkZ2V0TmFtZT1zcF9idGY%26psc%3D1&aref=GaifpI2QK9&sp_cr=ZAZ
"ASUS Vivobook 14,Smartchoice,AMD Ryzen AI 5 330, 16GB RAM, 512GB SSD,FHD+ 14"", Win11,Office24, M365 Basic (1Yr)*,Quiet Blue, 1.46Kg,M1407KA-LY132WS,AMD Radeon iGPU, 50 Tops,Next-Gen AI Laptop,Copilot+","61,990",3.3,https://www.amazon.in/sspa/click?ie=UTF8&spc=MTo0NDQ2NjYzMjQzNTEwMzE3OjE3NzM1NTcyNTc6c3BfbXRmOjMwMDk2NTY1NzcwNzkzMjo6MDo6&url=%2FASUS-Vivobook-Smartchoice-Office24-M1407KA-LY132WS%2Fdp%2FB0FMRSDQL2%2Fref%3Dsr_1_59_sspa%3Fdib%3DeyJ2IjoiMSJ9.B4eM_PPZ9d1g1yQt3BJehxIwzqLLCo2l49vdIrHqQR-IwAIWMxmy1sMTIGeYh-kPLO62vJeJaPI7_ARJnEacYci1q33SFkl66VJuOrbnQpFTODsnyLiBf2AEMjmtgda65SA-NyChNukQh9y0rkHQlANTgZq1ZwDQ6Pigkruow9ndgC89Ed2J3ZroAxE_Vc37rTlnOVChMasM_qrPh6EOZJ4SM-HrgjOQn5kFDSfK8Po.EzMnHpIwBjk6q6ZLz0ZnHe7_1vp2HWoNpM1o12hF4Ew%26dib_tag%3Dse%26keywords%3Dlaptop%26qid%3D1773557257%26sr%3D8-59-spons%26aref%3DGaifpI2QK9%26sp_csd%3Dd2lkZ2V0TmFtZT1zcF9tdGY%26psc%3D1&aref=GaifpI2QK9&sp_cr=ZAZ
"Lenovo V14 Intel Core i3 13th Gen 14"" FHD (1920x1080) Antiglare 250 Nits Thin and Light Laptop (16GB RAM/512GB SSD/Windows 11 Home/Office Home 2024/Iron Grey/1.43 kg), 83A0A0PCIN","48,990",N/A,https://www.amazon.in/sspa/click?ie=UTF8&spc=MTo0NDYzNDY3NzQ4OTE5NjM6MTc3MzU1NzI1MzpzcF9idGY6MzAwNjk2OTEwMDYxODMyOjowOjo&url=%2FLenovo-1920x1080-Antiglare-Windows-83A0A0PCIN%2Fdp%2FB0FNQZ9HWX%2Fref%3Dsr_1_53_sspa%3Fdib%3DeyJ2IjoiMSJ9.4LTvQgazwu4fQVtnEPU6UIdvimWNYMa3F3belTQfVjATZmFhP-DN7eAtX02vobu_C4w8Xm7ABfB3JINjTCTC_KQ-VSSM-bxG3iLG4nWoW83sBgWBfU4yMD5h3fgAbyF2ZydMLE-UK05lJWS9m4G6gwgae3glRiOa4bAuVUWFlAj7A2Yj5oTJ5N6AGaWiXCi0FQxXvLGR-VHHpgYutjnySMMGAC2LNTkq9oPfphNuOqs.qGmjWWgMl5Jk7hIE4GJEUnbRtYWBcsmaq1YJYzRaCOI%26dib_tag%3Dse%26keywords%3Dlaptop%26qid%3D1773557253%26sr%3D8-53-spons%26aref%3DM0zFv9qL7N%26sp_csd%3Dd2lkZ2V0TmFtZT1zcF9idGY%26psc%3D1&aref=M0zFv9qL7N&sp_cr=ZAZ
"HP Omnibook 5 OLED (Previously Pavilion), Snapdragon X Processor (16GB LPDDR5x,1TB SSD) 2K OLED,16''/40.6cm, Win11, M365*Office24, Glacier Silver, 1.59kg, fb0001QU, Backlit, Next-Gen AI Laptop","66,049",4.1,https://www.amazon.in/sspa/click?ie=UTF8&spc=MTo0NDYzNDY3NzQ4OTE5NjM6MTc3MzU1NzI1MzpzcF9hdGZfbmV4dDozMDA5MDA2OTQxNDg2MzI6OjA6Og&url=%2FHP-Previously-Snapdragon-Processor-fb0001QU%2Fdp%2FB0FRM3G9JF%2Fref%3Dsr_1_34_sspa%3Fdib%3DeyJ2IjoiMSJ9.4LTvQgazwu4fQVtnEPU6UIdvimWNYMa3F3belTQfVjATZmFhP-DN7eAtX02vobu_C4w8Xm7ABfB3JINjTCTC_KQ-VSSM-bxG3iLG4nWoW83sBgWBfU4yMD5h3fgAbyF2ZydMLE-UK05lJWS9m4G6gwgae3glRiOa4bAuVUWFlAj7A2Yj5oTJ5N6AGaWiXCi0FQxXvLGR-VHHpgYutjnySMMGAC2LNTkq9oPfphNuOqs.qGmjWWgMl5Jk7hIE4GJEUnbRtYWBcsmaq1YJYzRaCOI%26dib_tag%3Dse%26keywords%3Dlaptop%26qid%3D1773557253%26sr%3D8-34-spons%26aref%3Dt3IlMZ5VyW%26sp_csd%3Dd2lkZ2V0TmFtZT1zcF9hdGZfbmV4dA%26psc%3D1&aref=t3IlMZ5VyW&sp_cr=ZAZ
"acer AspireGo14, Intel Core Ultra5 125H AI Processor,Office 2024 + M365 Basic, 16 GB RAM, 512 GB SSD, WUXGA IPS, 14.0""/35.56 cm, Win 11 Home, Steel Gray, 1.5 kg, AG14-71M, Backlit KB, Premium Laptop","52,742",3.7,https://www.amazon.in/acer-AG14-71M-Backlit-Keyboard-Powered/dp/B0FDL57MKD/ref=sr_1_10?dib=eyJ2IjoiMSJ9.hJDFApibiOcDEB0nfcXmShBOi4Wa7RF870vRhjG9BPhmXeK6aBRnbQPv55jS3UdyDkYkUHubQPqdjTIoKOAdn9nuydXg2Gn_WkGQE3GK802s4uJ539KQwpXCSgEqhgX_TLBRuxOiPHch7naJbsnCZAVN5dUWUYYtcnMVTxO8IYSGXMME-HlkYfA180qgF8mDEnbcRgi6aSsCwGwBgC4hYv-ezVo_mHmnSQJTc--e3vM.WeVKaMvLBi8_fXcI66-NEIKnU5JEO5LMbk-CWsDYTKc&dib_tag=se&keywords=laptop&qid=1773557241&sr=8-10
"HP 15, 13th Gen Intel Core i5-1334U (16GB DDR4, 1TB SSD) FHD, Anti-Glare, Micro-Edge, 15.6''/39.6cm, Win11, M365(1yr) Office24, Silver, 1.59kg, FD0552TU, Iris Xe, FHD Camera w/Shutter, Backlit Laptop","59,836",3.9,https://www.amazon.in/HP-i5-1334U-Anti-Glare-Micro-Edge-FD0552TU/dp/B0F671GG5M/ref=sr_1_3?dib=eyJ2IjoiMSJ9.hJDFApibiOcDEB0nfcXmShBOi4Wa7RF870vRhjG9BPhmXeK6aBRnbQPv55jS3UdyDkYkUHubQPqdjTIoKOAdn9nuydXg2Gn_WkGQE3GK802s4uJ539KQwpXCSgEqhgX_TLBRuxOiPHch7naJbsnCZAVN5dUWUYYtcnMVTxO8IYSGXMME-HlkYfA180qgF8mDEnbcRgi6aSsCwGwBgC4hYv-ezVo_mHmnSQJTc--e3vM.WeVKaMvLBi8_fXcI66-NEIKnU5JEO5LMbk-CWsDYTKc&dib_tag=se&keywords=laptop&qid=1773557241&sr=8-3
"ASUS Vivobook 14,Smartchoice,AMD Ryzen AI 5 330, 16GB RAM, 512GB SSD,FHD+ 14"", Win11,Office24, M365 Basic (1Yr)*,Quiet Blue, 1.46Kg,M1407KA-LY132WS,AMD Radeon iGPU, 50 Tops,Next-Gen AI Laptop,Copilot+","61,990",3.3,https://www.amazon.in/sspa/click?ie=UTF8&spc=MTozMTk4ODIyNDM1ODMzMjcyOjE3NzM1NTcyNDg6c3BfbXRmOjMwMDk2NTY1NzcwNzkzMjo6MDo6&url=%2FASUS-Vivobook-Smartchoice-Office24-M1407KA-LY132WS%2Fdp%2FB0FMRSDQL2%2Fref%3Dsr_1_28_sspa%3Fdib%3DeyJ2IjoiMSJ9.NnEFTphInJoCQIPLnyN_QpZ-iLK2QV5D8MJzHgeEQuQJ4oA5nG_OsaHA6vIRwosXn_j_DlhmHrPqOw0XgZaYZByV-cg4Z1nTlqwXMPOl9B8XCG3Vf-Gno8IK3iMccjHBWlUPM3RAFDnESKu-dB7VD1VQW5C6yEamI8xJfKqSpz_2xVUReIooR8-Ig__tXtEGX0WEn3Yv5c9PVmtCEXS65jyPrvYAMB7vZvkWGYZ5ekg.E2nH1uPniXgu25ildy1AC0iFrJauR9VJc0e4M3BGmjM%26dib_tag%3Dse%26keywords%3Dlaptop%26qid%3D1773557248%26sr%3D8-28-spons%26aref%3DGaifpI2QK9%26sp_csd%3Dd2lkZ2V0TmFtZT1zcF9tdGY%26psc%3D1&aref=GaifpI2QK9&sp_cr=ZAZ
"Primebook 2 Max 2025 (New Launch) | 8GB RAM, 256GB UFS Storage | 15.6-Inch Full HD IPS Display | 12hrs Battery | MediaTek Helio G99 | Android 15 (PrimeOS 3.0) | Backlit Keyboard | in-Built AI (Gray)","22,990",4.3,https://www.amazon.in/sspa/click?ie=UTF8&spc=MToxMjE4OTQwOTk4OTg5MzYyOjE3NzM1NTcyNDg6c3Bfc2VhcmNoX3RoZW1hdGljOjMwMDcwNjM5MjAxMDAzMjo6Mjo6&url=%2FPrimebook-Storage-15-6-Inch-MediaTek-Keyboard%2Fdp%2FB0FFMQB3KL%2Fref%3Dsxin_13_pa_sp_search_thematic_sspa%3Fcontent-id%3Damzn1.sym.c007a59b-1788-4f64-b1ed-4d72476022eb%253Aamzn1.sym.c007a59b-1788-4f64-b1ed-4d72476022eb%26cv_ct_cx%3Dlaptop%26keywords%3Dlaptop%26pd_rd_i%3DB0FFMQB3KL%26pd_rd_r%3D42cc1ee6-fff4-49ad-b78e-48f3dc07ade2%26pd_rd_w%3D9V1GQ%26pd_rd_wg%3DdhzaV%26pf_rd_p%3Dc007a59b-1788-4f64-b1ed-4d72476022eb%26pf_rd_r%3DAJ46KYEH2KE2D1BKSY93%26qid%3D1773557248%26sbo%3DRZvfv%252F%252FHxDF%252BO5021pAnSA%253D%253D%26sr%3D1-19-2ec22325-1003-449d-8aaf-c0bcc24717ae-spons%26aref%3DzUANlRM61Y%26sp_csd%3Dd2lkZ2V0TmFtZT1zcF9zZWFyY2hfdGhlbWF0aWM%26psc%3D1&aref=zUANlRM61Y&sp_cr=ZAZ
"Primebook 2 Pro 2025 (New Launch) | 8GB RAM, 128GB UFS Storage | 14.1-Inch FHD IPS Display | 14 Hours Battery | MediaTek Helio G99 | Android 15 (PrimeOS 3.0) | Backlit Keyboard | in-Built AI (Gray)","19,990",4.4,https://www.amazon.in/sspa/click?ie=UTF8&spc=MTo1OTMwMDA3NDc4MzU2MjAyOjE3NzM1NTcyNTM6c3Bfc2VhcmNoX3RoZW1hdGljOjMwMDcwNjM5MjAxMDEzMjo6NDo6&url=%2FPrimebook-Storage-14-1-Inch-MediaTek-Keyboard%2Fdp%2FB0FFM8M9B5%2Fref%3Dsxin_13_pa_sp_search_thematic_sspa%3Fcontent-id%3Damzn1.sym.c007a59b-1788-4f64-b1ed-4d72476022eb%253Aamzn1.sym.c007a59b-1788-4f64-b1ed-4d72476022eb%26cv_ct_cx%3Dlaptop%26keywords%3Dlaptop%26pd_rd_i%3DB0FFM8M9B5%26pd_rd_r%3Df4d351ae-411e-4dfb-a6e4-a5813d3e4a96%26pd_rd_w%3DIfy41%26pd_rd_wg%3DL1MzF%26pf_rd_p%3Dc007a59b-1788-4f64-b1ed-4d72476022eb%26pf_rd_r%3DB1D9W8X0MNG6FWK6CF34%26qid%3D1773557253%26sbo%3DRZvfv%252F%252FHxDF%252BO5021pAnSA%253D%253D%26sr%3D1-37-2ec22325-1003-449d-8aaf-c0bcc24717ae-spons%26aref%3DNLGjhb5MHj%26sp_csd%3Dd2lkZ2V0TmFtZT1zcF9zZWFyY2hfdGhlbWF0aWM%26psc%3D1&aref=NLGjhb5MHj&sp_cr=ZAZ
"HP Professional 14 (2025), Intel Core i3 13th Gen 1315U - (16 GB/512 GB SSD/Intel UHD Graphics/Windows 11 pro) Thin and Light Business Laptop/14.0"" HD Display/Turbo Silver/1.4 Kg/MSO 2024","45,900",N/A,https://www.amazon.in/HP-Professional-Intel-Core-1315U/dp/B0FYQNHCNK/ref=sr_1_49?dib=eyJ2IjoiMSJ9.4LTvQgazwu4fQVtnEPU6UIdvimWNYMa3F3belTQfVjATZmFhP-DN7eAtX02vobu_C4w8Xm7ABfB3JINjTCTC_KQ-VSSM-bxG3iLG4nWoW83sBgWBfU4yMD5h3fgAbyF2ZydMLE-UK05lJWS9m4G6gwgae3glRiOa4bAuVUWFlAj7A2Yj5oTJ5N6AGaWiXCi0FQxXvLGR-VHHpgYutjnySMMGAC2LNTkq9oPfphNuOqs.qGmjWWgMl5Jk7hIE4GJEUnbRtYWBcsmaq1YJYzRaCOI&dib_tag=se&keywords=laptop&qid=1773557253&sr=8-49
"HP 15, 13th Gen Intel Core i3-1315U, (16GB DDR4,512GB SSD) Anti-Glare, Micro-Edge, FHD, 15.6''/39.6cm, Win11, M365 Basic(1yr)* Office24, Silver, 1.59kg, UHD, FHD Camera w/Shutter Laptop","42,990",3.0,https://www.amazon.in/HP-Intel-Core-13th-1315U/dp/B0FFMFNVR1/ref=sr_1_18?dib=eyJ2IjoiMSJ9.hJDFApibiOcDEB0nfcXmShBOi4Wa7RF870vRhjG9BPhmXeK6aBRnbQPv55jS3UdyDkYkUHubQPqdjTIoKOAdn9nuydXg2Gn_WkGQE3GK802s4uJ539KQwpXCSgEqhgX_TLBRuxOiPHch7naJbsnCZAVN5dUWUYYtcnMVTxO8IYSGXMME-HlkYfA180qgF8mDEnbcRgi6aSsCwGwBgC4hYv-ezVo_mHmnSQJTc--e3vM.WeVKaMvLBi8_fXcI66-NEIKnU5JEO5LMbk-CWsDYTKc&dib_tag=se&keywords=laptop&qid=1773557241&sr=8-18
"HP OmniBook 5 OLED (Previously Pavilion), Snapdragon X Processor (16GB LPDDR5x, 512GB SSD) 2K, 14''/35.6cm, Win11, M365 Basic(1yr)* Office24, Silver, 1.35kg, he0014QU, Light-Weight, Next-Gen AI Laptop","70,990",4.1,https://www.amazon.in/sspa/click?ie=UTF8&spc=MTo1OTMwMDA3NDc4MzU2MjAyOjE3NzM1NTcyNTM6c3Bfc2VhcmNoX3RoZW1hdGljOjMwMDYwMjMyMTI1MDgzMjo6MDo6&url=%2FHP-Previously-Snapdragon-Processor-Light-Weight%2Fdp%2FB0F8P4Y7VF%2Fref%3Dsxin_13_pa_sp_search_thematic_sspa%3Fcontent-id%3Damzn1.sym.c007a59b-1788-4f64-b1ed-4d72476022eb%253Aamzn1.sym.c007a59b-1788-4f64-b1ed-4d72476022eb%26cv_ct_cx%3Dlaptop%26keywords%3Dlaptop%26pd_rd_i%3DB0F8P4Y7VF%26pd_rd_r%3Df4d351ae-411e-4dfb-a6e4-a5813d3e4a96%26pd_rd_w%3DIfy41%26pd_rd_wg%3DL1MzF%26pf_rd_p%3Dc007a59b-1788-4f64-b1ed-4d72476022eb%26pf_rd_r%3DB1D9W8X0MNG6FWK6CF34%26qid%3D1773557253%26sbo%3DRZvfv%252F%252FHxDF%252BO5021pAnSA%253D%253D%26sr%3D1-33-2ec22325-1003-449d-8aaf-c0bcc24717ae-spons%26aref%3DISCbRaEqys%26sp_csd%3Dd2lkZ2V0TmFtZT1zcF9zZWFyY2hfdGhlbWF0aWM%26psc%3D1&aref=ISCbRaEqys&sp_cr=ZAZ
"Lenovo Ideapad Slim 3 AMD Ryzen 5 7520U 15.6"" (39.6cm) FHD Thin and Light Laptop (16GB/512GB SSD/Windows 11/Microsoft 365 Basic + Office Home 2024/Backlit Keyboard/Grey/1.6Kg), 82XQ00XDIN","45,899",4.0,https://www.amazon.in/sspa/click?ie=UTF8&spc=MTo0NDQ2NjYzMjQzNTEwMzE3OjE3NzM1NTcyNTc6c3BfYnRmOjMwMDA0MzY5NjM3OTAzMjo6MDo6&url=%2FLenovo-Ideapad-Backlit-Keyboard-82XQ008VIN%2Fdp%2FB0CD4BQ4SF%2Fref%3Dsr_1_69_sspa%3Fdib%3DeyJ2IjoiMSJ9.B4eM_PPZ9d1g1yQt3BJehxIwzqLLCo2l49vdIrHqQR-IwAIWMxmy1sMTIGeYh-kPLO62vJeJaPI7_ARJnEacYci1q33SFkl66VJuOrbnQpFTODsnyLiBf2AEMjmtgda65SA-NyChNukQh9y0rkHQlANTgZq1ZwDQ6Pigkruow9ndgC89Ed2J3ZroAxE_Vc37rTlnOVChMasM_qrPh6EOZJ4SM-HrgjOQn5kFDSfK8Po.EzMnHpIwBjk6q6ZLz0ZnHe7_1vp2HWoNpM1o12hF4Ew%26dib_tag%3Dse%26keywords%3Dlaptop%26qid%3D1773557257%26sr%3D8-69-spons%26aref%3D58LghLGN8a%26sp_csd%3Dd2lkZ2V0TmFtZT1zcF9idGY%26psc%3D1&aref=58LghLGN8a&sp_cr=ZAZ
"HP Professional 14 (2025), Intel Core i3 13th Gen 1315U - (16 GB/512 GB SSD/Intel UHD Graphics/Windows 11 Pro) Thin and Light Business Laptop/14.0"" HD Display/Turbo Silver/1.4 Kg/MSO 2021","45,350",5.0,https://www.amazon.in/HP-Professional-14-Intel-1315U/dp/B0FVK6M3R7/ref=sr_1_14?dib=eyJ2IjoiMSJ9.hJDFApibiOcDEB0nfcXmShBOi4Wa7RF870vRhjG9BPhmXeK6aBRnbQPv55jS3UdyDkYkUHubQPqdjTIoKOAdn9nuydXg2Gn_WkGQE3GK802s4uJ539KQwpXCSgEqhgX_TLBRuxOiPHch7naJbsnCZAVN5dUWUYYtcnMVTxO8IYSGXMME-HlkYfA180qgF8mDEnbcRgi6aSsCwGwBgC4hYv-ezVo_mHmnSQJTc--e3vM.WeVKaMvLBi8_fXcI66-NEIKnU5JEO5LMbk-CWsDYTKc&dib_tag=se&keywords=laptop&qid=1773557241&sr=8-14
"HP 15 Laptop, AMD Ryzen 5 7520U (16GB DDR5,512GB SSD) Win11,M365 Basic(1yr)*Office Home24, Anti-Glare,15.6''/39.6cm,FHD,Backlit KB,FHD Camera w/Privacy Shutter,Radeon Graphics, Silver,1.59kg FC0690AU","47,990",3.9,https://www.amazon.in/HP-15-6-inch-Graphics-Privacy-fc0031AU/dp/B0C3D8BZVQ/ref=sr_1_29?dib=eyJ2IjoiMSJ9.NnEFTphInJoCQIPLnyN_QpZ-iLK2QV5D8MJzHgeEQuQJ4oA5nG_OsaHA6vIRwosXn_j_DlhmHrPqOw0XgZaYZByV-cg4Z1nTlqwXMPOl9B8XCG3Vf-Gno8IK3iMccjHBWlUPM3RAFDnESKu-dB7VD1VQW5C6yEamI8xJfKqSpz_2xVUReIooR8-Ig__tXtEGX0WEn3Yv5c9PVmtCEXS65jyPrvYAMB7vZvkWGYZ5ekg.E2nH1uPniXgu25ildy1AC0iFrJauR9VJc0e4M3BGmjM&dib_tag=se&keywords=laptop&qid=1773557248&sr=8-29
"HP OmniBook 5 OLED (Previously Pavilion), Snapdragon X Processor (16GB LPDDR5x, 512GB SSD) 2K, 14''/35.6cm, Win11, M365 Basic(1yr)* Office24, Silver, 1.35kg, he0014QU, Light-Weight, Next-Gen AI Laptop","70,990",4.1,https://www.amazon.in/sspa/click?ie=UTF8&spc=MTo2NDA2MDQxODAzODM5OTY5OjE3NzM1NTcyNDE6c3Bfc2VhcmNoX3RoZW1hdGljOjMwMDYwMjMyMTI1MDgzMjo6MDo6&url=%2FHP-Previously-Snapdragon-Processor-Light-Weight%2Fdp%2FB0F8P4Y7VF%2Fref%3Dsxin_14_pa_sp_search_thematic_sspa%3Fcontent-id%3Damzn1.sym.7e2c8ac4-9f12-4bcd-9497-a8ae54bc8764%253Aamzn1.sym.7e2c8ac4-9f12-4bcd-9497-a8ae54bc8764%26cv_ct_cx%3Dlaptop%26keywords%3Dlaptop%26pd_rd_i%3DB0F8P4Y7VF%26pd_rd_r%3D16e290af-fcbb-42d3-b026-cb23b7b66df6%26pd_rd_w%3DNNOE6%26pd_rd_wg%3DqMtP9%26pf_rd_p%3D7e2c8ac4-9f12-4bcd-9497-a8ae54bc8764%26pf_rd_r%3DVTCRGF74NB32T9C77HKY%26qid%3D1773557241%26sbo%3DRZvfv%252F%252FHxDF%252BO5021pAnSA%253D%253D%26sr%3D1-1-66673dcf-083f-43ba-b782-d4a436cc5cfb-spons%26aref%3DISCbRaEqys%26sp_csd%3Dd2lkZ2V0TmFtZT1zcF9zZWFyY2hfdGhlbWF0aWM%26psc%3D1&aref=ISCbRaEqys&sp_cr=ZAZ
"Lenovo IdeaPad Slim 3, 12th Gen Intel Core i5-12450H (16GB LPDDR5, 512GB SSD), Anti-glare, FHD 15.6""(39.6cm), Win 11, Office Home 2024, Arctic Grey, 1.62Kg, 83ER00MDIN, Thin & Light, Backlit KB Laptop","54,450",4.2,https://www.amazon.in/Lenovo-IdeaPad-i5-12450H-Anti-glare-83ER00MDIN/dp/B0FH71SN5N/ref=sr_1_9?dib=eyJ2IjoiMSJ9.hJDFApibiOcDEB0nfcXmShBOi4Wa7RF870vRhjG9BPhmXeK6aBRnbQPv55jS3UdyDkYkUHubQPqdjTIoKOAdn9nuydXg2Gn_WkGQE3GK802s4uJ539KQwpXCSgEqhgX_TLBRuxOiPHch7naJbsnCZAVN5dUWUYYtcnMVTxO8IYSGXMME-HlkYfA180qgF8mDEnbcRgi6aSsCwGwBgC4hYv-ezVo_mHmnSQJTc--e3vM.WeVKaMvLBi8_fXcI66-NEIKnU5JEO5LMbk-CWsDYTKc&dib_tag=se&keywords=laptop&qid=1773557241&sr=8-9
"Lenovo Ideapad Slim 3 AMD Ryzen 5 7520U 15.6"" (39.6cm) FHD Thin and Light Laptop (16GB/512GB SSD/Windows 11/Microsoft 365 Basic + Office Home 2024/Backlit Keyboard/Grey/1.6Kg), 82XQ00XDIN","45,899",4.0,https://www.amazon.in/sspa/click?ie=UTF8&spc=MTozMTk4ODIyNDM1ODMzMjcyOjE3NzM1NTcyNDg6c3BfYnRmOjMwMDA0MzY5NjM3OTAzMjo6MDo6&url=%2FLenovo-Ideapad-Backlit-Keyboard-82XQ008VIN%2Fdp%2FB0CD4BQ4SF%2Fref%3Dsr_1_37_sspa%3Fdib%3DeyJ2IjoiMSJ9.NnEFTphInJoCQIPLnyN_QpZ-iLK2QV5D8MJzHgeEQuQJ4oA5nG_OsaHA6vIRwosXn_j_DlhmHrPqOw0XgZaYZByV-cg4Z1nTlqwXMPOl9B8XCG3Vf-Gno8IK3iMccjHBWlUPM3RAFDnESKu-dB7VD1VQW5C6yEamI8xJfKqSpz_2xVUReIooR8-Ig__tXtEGX0WEn3Yv5c9PVmtCEXS65jyPrvYAMB7vZvkWGYZ5ekg.E2nH1uPniXgu25ildy1AC0iFrJauR9VJc0e4M3BGmjM%26dib_tag%3Dse%26keywords%3Dlaptop%26qid%3D1773557248%26sr%3D8-37-spons%26aref%3D58LghLGN8a%26sp_csd%3Dd2lkZ2V0TmFtZT1zcF9idGY%26psc%3D1&aref=58LghLGN8a&sp_cr=ZAZ
"HP 14, Intel Core Ultra 7 155H (24GB DDR5, 1TB SSD), Micro-Edge, Anti-Glare, FHD, 14''/35.6cm, Win11, M365* Office24, Silver, 1.4kg, ep1181TU, FHD Camera, Backlit Laptop","88,290",3.5,https://www.amazon.in/HP-Micro-Edge-Anti-Glare-Office24-ep1181TU/dp/B0G2BFPNVJ/ref=sr_1_19?dib=eyJ2IjoiMSJ9.NnEFTphInJoCQIPLnyN_QpZ-iLK2QV5D8MJzHgeEQuQJ4oA5nG_OsaHA6vIRwosXn_j_DlhmHrPqOw0XgZaYZByV-cg4Z1nTlqwXMPOl9B8XCG3Vf-Gno8IK3iMccjHBWlUPM3RAFDnESKu-dB7VD1VQW5C6yEamI8xJfKqSpz_2xVUReIooR8-Ig__tXtEGX0WEn3Yv5c9PVmtCEXS65jyPrvYAMB7vZvkWGYZ5ekg.E2nH1uPniXgu25ildy1AC0iFrJauR9VJc0e4M3BGmjM&dib_tag=se&keywords=laptop&qid=1773557248&sr=8-19
"Lenovo V14 Intel Core i3 13th Gen 14"" FHD (1920x1080) Antiglare 250 Nits Thin and Light Laptop (8GB RAM/512GB SSD/Windows 11 Home/Office Home 2024/Iron Grey/1.43 kg), 83A0A0PBIN","45,490",3.8,https://www.amazon.in/Lenovo-1920x1080-Antiglare-Windows-83A0A0PBIN/dp/B0FNRFBHJF/ref=sr_1_54?dib=eyJ2IjoiMSJ9.B4eM_PPZ9d1g1yQt3BJehxIwzqLLCo2l49vdIrHqQR-IwAIWMxmy1sMTIGeYh-kPLO62vJeJaPI7_ARJnEacYci1q33SFkl66VJuOrbnQpFTODsnyLiBf2AEMjmtgda65SA-NyChNukQh9y0rkHQlANTgZq1ZwDQ6Pigkruow9ndgC89Ed2J3ZroAxE_Vc37rTlnOVChMasM_qrPh6EOZJ4SM-HrgjOQn5kFDSfK8Po.EzMnHpIwBjk6q6ZLz0ZnHe7_1vp2HWoNpM1o12hF4Ew&dib_tag=se&keywords=laptop&qid=1773557257&sr=8-54
"Lenovo Ideapad Slim 3 AMD Ryzen 5 7520U 15.6"" (39.6cm) FHD Thin and Light Laptop (16GB/512GB SSD/Windows 11/Microsoft 365 Basic + Office Home 2024/Backlit Keyboard/Grey/1.6Kg), 82XQ00XDIN","45,899",4.0,https://www.amazon.in/sspa/click?ie=UTF8&spc=MTo3NjU3NTUyNTg1MTczODA0OjE3NzM1NTcyNTg6c3Bfc2VhcmNoX3RoZW1hdGljOjMwMDA0MzY5NjM3OTAzMjo6MTo6&url=%2FLenovo-Ideapad-Backlit-Keyboard-82XQ008VIN%2Fdp%2FB0CD4BQ4SF%2Fref%3Dsxin_13_pa_sp_search_thematic_sspa%3Fcontent-id%3Damzn1.sym.c007a59b-1788-4f64-b1ed-4d72476022eb%253Aamzn1.sym.c007a59b-1788-4f64-b1ed-4d72476022eb%26cv_ct_cx%3Dlaptop%26keywords%3Dlaptop%26pd_rd_i%3DB0CD4BQ4SF%26pd_rd_r%3Dc88db800-574f-4385-9e8e-35aa1b822eba%26pd_rd_w%3DGzn9x%26pd_rd_wg%3DpMR1K%26pf_rd_p%3Dc007a59b-1788-4f64-b1ed-4d72476022eb%26pf_rd_r%3DMM2NZVYF4ZG55ZFAKY61%26qid%3D1773557257%26sbo%3DRZvfv%252F%252FHxDF%252BO5021pAnSA%253D%253D%26sr%3D1-50-2ec22325-1003-449d-8aaf-c0bcc24717ae-spons%26aref%3D58LghLGN8a%26sp_csd%3Dd2lkZ2V0TmFtZT1zcF9zZWFyY2hfdGhlbWF0aWM%26psc%3D1&aref=58LghLGN8a&sp_cr=ZAZ
"Lenovo Legion Pro 7 2025 Intel Core Ultra 9 275HX | NVIDIA RTX 5080 16GB (32GB RAM/1TB SSD/WQXGA OLED/240Hz/16 (40.6cm)/Windows 11/Office 2024+AI Now/Black/2.5Kg), 83F500D9IN AI Powered Gaming Laptop","3,65,990",4.5,https://www.amazon.in/Lenovo-Legion-Windows-83F500D9IN-Powered/dp/B0FDKPM6D2/ref=sr_1_42?dib=eyJ2IjoiMSJ9.4LTvQgazwu4fQVtnEPU6UIdvimWNYMa3F3belTQfVjATZmFhP-DN7eAtX02vobu_C4w8Xm7ABfB3JINjTCTC_KQ-VSSM-bxG3iLG4nWoW83sBgWBfU4yMD5h3fgAbyF2ZydMLE-UK05lJWS9m4G6gwgae3glRiOa4bAuVUWFlAj7A2Yj5oTJ5N6AGaWiXCi0FQxXvLGR-VHHpgYutjnySMMGAC2LNTkq9oPfphNuOqs.qGmjWWgMl5Jk7hIE4GJEUnbRtYWBcsmaq1YJYzRaCOI&dib_tag=se&keywords=laptop&qid=1773557253&sr=8-42
"ASUS Gaming V16 (2025), 14th Gen,Intel Core 7 240H Gaming Laptop(RTX 5050-8GB/16GB RAM/512GB SSD/FHD+/16""/144Hz/Backlit Keyboard/Windows 11/M365*/Office Home 2024/Matte Black/1.95 Kg) V3607VH-RP038WS","99,990",4.1,https://www.amazon.in/ASUS-5050-8GB-Backlit-Keyboard-V3607VH-RP038WS/dp/B0FB96WF9W/ref=sr_1_33?dib=eyJ2IjoiMSJ9.NnEFTphInJoCQIPLnyN_QpZ-iLK2QV5D8MJzHgeEQuQJ4oA5nG_OsaHA6vIRwosXn_j_DlhmHrPqOw0XgZaYZByV-cg4Z1nTlqwXMPOl9B8XCG3Vf-Gno8IK3iMccjHBWlUPM3RAFDnESKu-dB7VD1VQW5C6yEamI8xJfKqSpz_2xVUReIooR8-Ig__tXtEGX0WEn3Yv5c9PVmtCEXS65jyPrvYAMB7vZvkWGYZ5ekg.E2nH1uPniXgu25ildy1AC0iFrJauR9VJc0e4M3BGmjM&dib_tag=se&keywords=laptop&qid=1773557248&sr=8-33
"Primebook 2 Neo 2025 (New Launch) | 6GB RAM, 128GB Storage (Upgradable Upto 512GB) | MediaTek Helio G99 | Android 15 (PrimeOS3.0) | in-Built AI | 11.6” Thin & Light Laptop | Type-C, USB, MicroSD Ports","15,990",4.4,https://www.amazon.in/sspa/click?ie=UTF8&spc=MTo2NDA2MDQxODAzODM5OTY5OjE3NzM1NTcyNDE6c3Bfc2VhcmNoX3RoZW1hdGljOjMwMDYyMTQ2MTg5MTEzMjo6NDo6&url=%2FPrimebook-Upgradable-MediaTek-G99-PrimeOS3-0%2Fdp%2FB0FDLB7BQZ%2Fref%3Dsxin_14_pa_sp_search_thematic_sspa%3Fcontent-id%3Damzn1.sym.7e2c8ac4-9f12-4bcd-9497-a8ae54bc8764%253Aamzn1.sym.7e2c8ac4-9f12-4bcd-9497-a8ae54bc8764%26cv_ct_cx%3Dlaptop%26keywords%3Dlaptop%26pd_rd_i%3DB0FDLB7BQZ%26pd_rd_r%3D16e290af-fcbb-42d3-b026-cb23b7b66df6%26pd_rd_w%3DNNOE6%26pd_rd_wg%3DqMtP9%26pf_rd_p%3D7e2c8ac4-9f12-4bcd-9497-a8ae54bc8764%26pf_rd_r%3DVTCRGF74NB32T9C77HKY%26qid%3D1773557241%26sbo%3DRZvfv%252F%252FHxDF%252BO5021pAnSA%253D%253D%26sr%3D1-5-66673dcf-083f-43ba-b782-d4a436cc5cfb-spons%26aref%3DE8O8DLTkwq%26sp_csd%3Dd2lkZ2V0TmFtZT1zcF9zZWFyY2hfdGhlbWF0aWM%26psc%3D1&aref=E8O8DLTkwq&sp_cr=ZAZ
"DᥱII Model 5400 | i5 8th Gen Processor | 8GB DDR4 RAM | 256GB SSD | 14"" (35.6cm) FHD Display | Win 10 | A+ Condition Laptop (Refab)","25,450",N/A,https://www.amazon.in/5400-i5-8th-Gen-Processor/dp/B0GS2MGPYQ/ref=sr_1_64?dib=eyJ2IjoiMSJ9.B4eM_PPZ9d1g1yQt3BJehxIwzqLLCo2l49vdIrHqQR-IwAIWMxmy1sMTIGeYh-kPLO62vJeJaPI7_ARJnEacYci1q33SFkl66VJuOrbnQpFTODsnyLiBf2AEMjmtgda65SA-NyChNukQh9y0rkHQlANTgZq1ZwDQ6Pigkruow9ndgC89Ed2J3ZroAxE_Vc37rTlnOVChMasM_qrPh6EOZJ4SM-HrgjOQn5kFDSfK8Po.EzMnHpIwBjk6q6ZLz0ZnHe7_1vp2HWoNpM1o12hF4Ew&dib_tag=se&keywords=laptop&qid=1773557257&sr=8-64
"Lenovo IdeaPad Slim 5, AMD Ryzen 5 7535HS, 16GB RAM, 512GB SSD, WUXGA IPS, 13.3""/33.7cm, Windows 11, Microsoft 365 Basic + Office 2024, Grey, 1.6Kg, Backlit KB, 1Yr ADP Free, 83J2004HIN, Laptop","59,990",3.8,https://www.amazon.in/sspa/click?ie=UTF8&spc=MToyMjI3ODgxMDI1MzUwOTY5OjE3NzM1NTcyNDE6c3BfYnRmOjMwMDk2Nzg0ODg0ODczMjo6MDo6&url=%2FLenovo-IdeaPad-Microsoft-Keyboard-83J2004HIN%2Fdp%2FB0FFB6ZZ7F%2Fref%3Dsr_1_21_sspa%3Fdib%3DeyJ2IjoiMSJ9.hJDFApibiOcDEB0nfcXmShBOi4Wa7RF870vRhjG9BPhmXeK6aBRnbQPv55jS3UdyDkYkUHubQPqdjTIoKOAdn9nuydXg2Gn_WkGQE3GK802s4uJ539KQwpXCSgEqhgX_TLBRuxOiPHch7naJbsnCZAVN5dUWUYYtcnMVTxO8IYSGXMME-HlkYfA180qgF8mDEnbcRgi6aSsCwGwBgC4hYv-ezVo_mHmnSQJTc--e3vM.WeVKaMvLBi8_fXcI66-NEIKnU5JEO5LMbk-CWsDYTKc%26dib_tag%3Dse%26keywords%3Dlaptop%26qid%3D1773557241%26sr%3D8-21-spons%26aref%3DXuUp9wS2Bc%26sp_csd%3Dd2lkZ2V0TmFtZT1zcF9idGY%26psc%3D1&aref=XuUp9wS2Bc&sp_cr=ZAZ
"Alienware 16X Aurora Gaming Laptop, AI Enabled Intel Core Ultra9 HX Processor, 32GB DDR5, 1TB SSD, NVIDIA GeForce RTX 5070, 8GB GDDR7, 16"" QHD+ 240Hz Display, Backlit KB, Interstellar Indigo, 2.66kg","2,41,990",N/A,https://www.amazon.in/Alienware-Enabled-Processor-GeForce-Interstellar/dp/B0777X2ZTB/ref=sr_1_46?dib=eyJ2IjoiMSJ9.4LTvQgazwu4fQVtnEPU6UIdvimWNYMa3F3belTQfVjATZmFhP-DN7eAtX02vobu_C4w8Xm7ABfB3JINjTCTC_KQ-VSSM-bxG3iLG4nWoW83sBgWBfU4yMD5h3fgAbyF2ZydMLE-UK05lJWS9m4G6gwgae3glRiOa4bAuVUWFlAj7A2Yj5oTJ5N6AGaWiXCi0FQxXvLGR-VHHpgYutjnySMMGAC2LNTkq9oPfphNuOqs.qGmjWWgMl5Jk7hIE4GJEUnbRtYWBcsmaq1YJYzRaCOI&dib_tag=se&keywords=laptop&qid=1773557253&sr=8-46
"Lenovo Yoga 7 2-in-1, Intel Core Ultra 7 258V, 32GB RAM, 1TB SSD, WQXGA+ OLED, Copilot+ AI PC, 14""/35.5cm, Win 11, Office 2024, Seashell, 1.38Kg, 47 Tops, Yoga Pen, 83JQ000NIN, Convertible Laptop","1,45,990",4.8,https://www.amazon.in/Lenovo-Copilot-Seashell-83JQ000NIN-Convertible/dp/B0F59Z5RDM/ref=sr_1_38?dib=eyJ2IjoiMSJ9.4LTvQgazwu4fQVtnEPU6UIdvimWNYMa3F3belTQfVjATZmFhP-DN7eAtX02vobu_C4w8Xm7ABfB3JINjTCTC_KQ-VSSM-bxG3iLG4nWoW83sBgWBfU4yMD5h3fgAbyF2ZydMLE-UK05lJWS9m4G6gwgae3glRiOa4bAuVUWFlAj7A2Yj5oTJ5N6AGaWiXCi0FQxXvLGR-VHHpgYutjnySMMGAC2LNTkq9oPfphNuOqs.qGmjWWgMl5Jk7hIE4GJEUnbRtYWBcsmaq1YJYzRaCOI&dib_tag=se&keywords=laptop&qid=1773557253&sr=8-38
"Lenovo Ideapad Slim 3 AMD Ryzen 5 7520U 15.6"" (39.6cm) FHD Thin and Light Laptop (16GB/512GB SSD/Windows 11/Microsoft 365 Basic + Office Home 2024/Backlit Keyboard/Grey/1.6Kg), 82XQ00XDIN","45,899",4.0,https://www.amazon.in/sspa/click?ie=UTF8&spc=MToxMjE4OTQwOTk4OTg5MzYyOjE3NzM1NTcyNDg6c3Bfc2VhcmNoX3RoZW1hdGljOjMwMDA0MzY5NjM3OTAzMjo6MTo6&url=%2FLenovo-Ideapad-Backlit-Keyboard-82XQ008VIN%2Fdp%2FB0CD4BQ4SF%2Fref%3Dsxin_13_pa_sp_search_thematic_sspa%3Fcontent-id%3Damzn1.sym.c007a59b-1788-4f64-b1ed-4d72476022eb%253Aamzn1.sym.c007a59b-1788-4f64-b1ed-4d72476022eb%26cv_ct_cx%3Dlaptop%26keywords%3Dlaptop%26pd_rd_i%3DB0CD4BQ4SF%26pd_rd_r%3D42cc1ee6-fff4-49ad-b78e-48f3dc07ade2%26pd_rd_w%3D9V1GQ%26pd_rd_wg%3DdhzaV%26pf_rd_p%3Dc007a59b-1788-4f64-b1ed-4d72476022eb%26pf_rd_r%3DAJ46KYEH2KE2D1BKSY93%26qid%3D1773557248%26sbo%3DRZvfv%252F%252FHxDF%252BO5021pAnSA%253D%253D%26sr%3D1-18-2ec22325-1003-449d-8aaf-c0bcc24717ae-spons%26aref%3D58LghLGN8a%26sp_csd%3Dd2lkZ2V0TmFtZT1zcF9zZWFyY2hfdGhlbWF0aWM%26psc%3D1&aref=58LghLGN8a&sp_cr=ZAZ
"HP OmniBook 5 OLED (Previously Pavilion), Snapdragon X Processor (16GB LPDDR5x, 512GB SSD) 2K, 14''/35.6cm, Win11, M365 Basic(1yr)* Office24, Silver, 1.35kg, he0014QU, Light-Weight, Next-Gen AI Laptop","70,990",4.1,https://www.amazon.in/sspa/click?ie=UTF8&spc=MToxMjE4OTQwOTk4OTg5MzYyOjE3NzM1NTcyNDg6c3Bfc2VhcmNoX3RoZW1hdGljOjMwMDYwMjMyMTI1MDgzMjo6MDo6&url=%2FHP-Previously-Snapdragon-Processor-Light-Weight%2Fdp%2FB0F8P4Y7VF%2Fref%3Dsxin_13_pa_sp_search_thematic_sspa%3Fcontent-id%3Damzn1.sym.c007a59b-1788-4f64-b1ed-4d72476022eb%253Aamzn1.sym.c007a59b-1788-4f64-b1ed-4d72476022eb%26cv_ct_cx%3Dlaptop%26keywords%3Dlaptop%26pd_rd_i%3DB0F8P4Y7VF%26pd_rd_r%3D42cc1ee6-fff4-49ad-b78e-48f3dc07ade2%26pd_rd_w%3D9V1GQ%26pd_rd_wg%3DdhzaV%26pf_rd_p%3Dc007a59b-1788-4f64-b1ed-4d72476022eb%26pf_rd_r%3DAJ46KYEH2KE2D1BKSY93%26qid%3D1773557248%26sbo%3DRZvfv%252F%252FHxDF%252BO5021pAnSA%253D%253D%26sr%3D1-17-2ec22325-1003-449d-8aaf-c0bcc24717ae-spons%26aref%3DISCbRaEqys%26sp_csd%3Dd2lkZ2V0TmFtZT1zcF9zZWFyY2hfdGhlbWF0aWM%26psc%3D1&aref=ISCbRaEqys&sp_cr=ZAZ
"HP Professional 240R G10 Ultra-Light Business Laptop with Intel Core 3-100U, 8GB DDR4 RAM, 512GB SSD, 14″ FHD IPS Display, Copilot Key, Windows 11 Pro & MS Office 2024, Turbo Silver","40,660",4.0,https://www.amazon.in/HP-Professional-Ultra-Light-Business-Display/dp/B0FZJ98WL2/ref=sr_1_39?dib=eyJ2IjoiMSJ9.4LTvQgazwu4fQVtnEPU6UIdvimWNYMa3F3belTQfVjATZmFhP-DN7eAtX02vobu_C4w8Xm7ABfB3JINjTCTC_KQ-VSSM-bxG3iLG4nWoW83sBgWBfU4yMD5h3fgAbyF2ZydMLE-UK05lJWS9m4G6gwgae3glRiOa4bAuVUWFlAj7A2Yj5oTJ5N6AGaWiXCi0FQxXvLGR-VHHpgYutjnySMMGAC2LNTkq9oPfphNuOqs.qGmjWWgMl5Jk7hIE4GJEUnbRtYWBcsmaq1YJYzRaCOI&dib_tag=se&keywords=laptop&qid=1773557253&sr=8-39
"ASUS Vivobook 15, 13th Gen, Intel Core i3-1315U, 16GB RAM, 512GB SSD, FHD, Anti-Glare, 15.6"", 39.6 cm, Windows 11 Home, M365 Basic(1yr)* Office24, Cool Silver, 1.70 kg, X1504VA-BQ341WS, Laptop","42,900",4.2,https://www.amazon.in/ASUS-Vivobook-i3-1315U-Anti-Glare-X1504VA-BQ341WS/dp/B09BMPLXSG/ref=sr_1_47?dib=eyJ2IjoiMSJ9.4LTvQgazwu4fQVtnEPU6UIdvimWNYMa3F3belTQfVjATZmFhP-DN7eAtX02vobu_C4w8Xm7ABfB3JINjTCTC_KQ-VSSM-bxG3iLG4nWoW83sBgWBfU4yMD5h3fgAbyF2ZydMLE-UK05lJWS9m4G6gwgae3glRiOa4bAuVUWFlAj7A2Yj5oTJ5N6AGaWiXCi0FQxXvLGR-VHHpgYutjnySMMGAC2LNTkq9oPfphNuOqs.qGmjWWgMl5Jk7hIE4GJEUnbRtYWBcsmaq1YJYzRaCOI&dib_tag=se&keywords=laptop&qid=1773557253&sr=8-47
"Lenovo 14 (2025), Intel Core i5 13th Gen 13420H - (16 GB/512 GB SSD/Intel UHD Graphics/Windows 11 Pro) Thin and Light Business Laptop/14.0"" FHD Display/Iron Grey/1.4 kg/Microsoft Office 2021","54,758",4.1,https://www.amazon.in/Lenovo-14-Intel-Core-13420H/dp/B0FRYM3BWS/ref=sr_1_20?dib=eyJ2IjoiMSJ9.hJDFApibiOcDEB0nfcXmShBOi4Wa7RF870vRhjG9BPhmXeK6aBRnbQPv55jS3UdyDkYkUHubQPqdjTIoKOAdn9nuydXg2Gn_WkGQE3GK802s4uJ539KQwpXCSgEqhgX_TLBRuxOiPHch7naJbsnCZAVN5dUWUYYtcnMVTxO8IYSGXMME-HlkYfA180qgF8mDEnbcRgi6aSsCwGwBgC4hYv-ezVo_mHmnSQJTc--e3vM.WeVKaMvLBi8_fXcI66-NEIKnU5JEO5LMbk-CWsDYTKc&dib_tag=se&keywords=laptop&qid=1773557241&sr=8-20
"HP Laptop 15s, 12th Gen Intel Core i7-1255U Laptop (16GB DDR4, 512GB SSD), 15.6""/39.6cm, FHD, Windows 11, MS Office 2021, Silver, 1.69kg, Intel Iris Xe Graphics, Backlit KB, fq5190TU","64,990",3.9,https://www.amazon.in/HP-i7-1255U-15-6-inch-Graphics-fq5190TU/dp/B0C3D99LTP/ref=sr_1_63?dib=eyJ2IjoiMSJ9.B4eM_PPZ9d1g1yQt3BJehxIwzqLLCo2l49vdIrHqQR-IwAIWMxmy1sMTIGeYh-kPLO62vJeJaPI7_ARJnEacYci1q33SFkl66VJuOrbnQpFTODsnyLiBf2AEMjmtgda65SA-NyChNukQh9y0rkHQlANTgZq1ZwDQ6Pigkruow9ndgC89Ed2J3ZroAxE_Vc37rTlnOVChMasM_qrPh6EOZJ4SM-HrgjOQn5kFDSfK8Po.EzMnHpIwBjk6q6ZLz0ZnHe7_1vp2HWoNpM1o12hF4Ew&dib_tag=se&keywords=laptop&qid=1773557257&sr=8-63
"Lenovo Ideapad Slim 3 AMD Ryzen 5 7520U 15.6"" (39.6cm) FHD Thin and Light Laptop (16GB/512GB SSD/Windows 11/Microsoft 365 Basic + Office Home 2024/Backlit Keyboard/Grey/1.6Kg), 82XQ00XDIN","45,899",4.0,https://www.amazon.in/sspa/click?ie=UTF8&spc=MTo2NDA2MDQxODAzODM5OTY5OjE3NzM1NTcyNDE6c3Bfc2VhcmNoX3RoZW1hdGljOjMwMDA0MzY5NjM3OTAzMjo6Mzo6&url=%2FLenovo-Ideapad-Backlit-Keyboard-82XQ008VIN%2Fdp%2FB0CD4BQ4SF%2Fref%3Dsxin_14_pa_sp_search_thematic_sspa%3Fcontent-id%3Damzn1.sym.7e2c8ac4-9f12-4bcd-9497-a8ae54bc8764%253Aamzn1.sym.7e2c8ac4-9f12-4bcd-9497-a8ae54bc8764%26cv_ct_cx%3Dlaptop%26keywords%3Dlaptop%26pd_rd_i%3DB0CD4BQ4SF%26pd_rd_r%3D16e290af-fcbb-42d3-b026-cb23b7b66df6%26pd_rd_w%3DNNOE6%26pd_rd_wg%3DqMtP9%26pf_rd_p%3D7e2c8ac4-9f12-4bcd-9497-a8ae54bc8764%26pf_rd_r%3DVTCRGF74NB32T9C77HKY%26qid%3D1773557241%26sbo%3DRZvfv%252F%252FHxDF%252BO5021pAnSA%253D%253D%26sr%3D1-4-66673dcf-083f-43ba-b782-d4a436cc5cfb-spons%26aref%3D58LghLGN8a%26sp_csd%3Dd2lkZ2V0TmFtZT1zcF9zZWFyY2hfdGhlbWF0aWM%26psc%3D1&aref=58LghLGN8a&sp_cr=ZAZ
"HP OmniBook 5 OLED (Previously Pavilion), Snapdragon X Processor (16GB LPDDR5x, 1TB SSD) 2K, 14''/35.6cm, Win11, M365 Basic(1yr)* Office24, Silver, 1.35kg, he0015QU, Light-Weight, Next-Gen AI Laptop","76,999",4.1,https://www.amazon.in/HP-Previously-Snapdragon-Processor-Light-Weight/dp/B0F8P844W2/ref=sr_1_34?dib=eyJ2IjoiMSJ9.NnEFTphInJoCQIPLnyN_QpZ-iLK2QV5D8MJzHgeEQuQJ4oA5nG_OsaHA6vIRwosXn_j_DlhmHrPqOw0XgZaYZByV-cg4Z1nTlqwXMPOl9B8XCG3Vf-Gno8IK3iMccjHBWlUPM3RAFDnESKu-dB7VD1VQW5C6yEamI8xJfKqSpz_2xVUReIooR8-Ig__tXtEGX0WEn3Yv5c9PVmtCEXS65jyPrvYAMB7vZvkWGYZ5ekg.E2nH1uPniXgu25ildy1AC0iFrJauR9VJc0e4M3BGmjM&dib_tag=se&keywords=laptop&qid=1773557248&sr=8-34
"HP OmniBook 5 OLED (Previously Pavilion), Snapdragon X Processor (16GB LPDDR5x, 512GB SSD) 2K, 14''/35.6cm, Win11, M365 Basic(1yr)* Office24, Silver, 1.35kg, he0014QU, Light-Weight, Next-Gen AI Laptop","70,990",4.1,https://www.amazon.in/sspa/click?ie=UTF8&spc=MTo3NjU3NTUyNTg1MTczODA0OjE3NzM1NTcyNTg6c3Bfc2VhcmNoX3RoZW1hdGljOjMwMDYwMjMyMTI1MDgzMjo6MDo6&url=%2FHP-Previously-Snapdragon-Processor-Light-Weight%2Fdp%2FB0F8P4Y7VF%2Fref%3Dsxin_13_pa_sp_search_thematic_sspa%3Fcontent-id%3Damzn1.sym.c007a59b-1788-4f64-b1ed-4d72476022eb%253Aamzn1.sym.c007a59b-1788-4f64-b1ed-4d72476022eb%26cv_ct_cx%3Dlaptop%26keywords%3Dlaptop%26pd_rd_i%3DB0F8P4Y7VF%26pd_rd_r%3Dc88db800-574f-4385-9e8e-35aa1b822eba%26pd_rd_w%3DGzn9x%26pd_rd_wg%3DpMR1K%26pf_rd_p%3Dc007a59b-1788-4f64-b1ed-4d72476022eb%26pf_rd_r%3DMM2NZVYF4ZG55ZFAKY61%26qid%3D1773557257%26sbo%3DRZvfv%252F%252FHxDF%252BO5021pAnSA%253D%253D%26sr%3D1-49-2ec22325-1003-449d-8aaf-c0bcc24717ae-spons%26aref%3DISCbRaEqys%26sp_csd%3Dd2lkZ2V0TmFtZT1zcF9zZWFyY2hfdGhlbWF0aWM%26psc%3D1&aref=ISCbRaEqys&sp_cr=ZAZ
"Lenovo IdeaPad Slim 5, AMD Ryzen 5 7535HS, 16GB RAM, 512GB SSD, WUXGA IPS, 13.3""/33.7cm, Windows 11, Microsoft 365 Basic + Office 2024, Grey, 1.6Kg, Backlit KB, 1Yr ADP Free, 83J2004HIN, Laptop","59,990",3.8,https://www.amazon.in/sspa/click?ie=UTF8&spc=MTo0NDYzNDY3NzQ4OTE5NjM6MTc3MzU1NzI1MzpzcF9tdGY6MzAwOTY4MDM2NzA5MTMyOjowOjo&url=%2FLenovo-IdeaPad-Microsoft-Keyboard-83J2004HIN%2Fdp%2FB0FFB6ZZ7F%2Fref%3Dsr_1_43_sspa%3Fdib%3DeyJ2IjoiMSJ9.4LTvQgazwu4fQVtnEPU6UIdvimWNYMa3F3belTQfVjATZmFhP-DN7eAtX02vobu_C4w8Xm7ABfB3JINjTCTC_KQ-VSSM-bxG3iLG4nWoW83sBgWBfU4yMD5h3fgAbyF2ZydMLE-UK05lJWS9m4G6gwgae3glRiOa4bAuVUWFlAj7A2Yj5oTJ5N6AGaWiXCi0FQxXvLGR-VHHpgYutjnySMMGAC2LNTkq9oPfphNuOqs.qGmjWWgMl5Jk7hIE4GJEUnbRtYWBcsmaq1YJYzRaCOI%26dib_tag%3Dse%26keywords%3Dlaptop%26qid%3D1773557253%26sr%3D8-43-spons%26aref%3DJVWuHToPUc%26sp_csd%3Dd2lkZ2V0TmFtZT1zcF9tdGY%26psc%3D1&aref=JVWuHToPUc&sp_cr=ZAZ
"Primebook 2 Pro 2025 (New Launch) | 8GB RAM, 128GB UFS Storage | 14.1-Inch FHD IPS Display | 14 Hours Battery | MediaTek Helio G99 | Android 15 (PrimeOS 3.0) | Backlit Keyboard | in-Built AI (Gray)","19,990",4.4,https://www.amazon.in/sspa/click?ie=UTF8&spc=MTo3NjU3NTUyNTg1MTczODA0OjE3NzM1NTcyNTg6c3Bfc2VhcmNoX3RoZW1hdGljOjMwMDcwNjM5MjAxMDEzMjo6NDo6&url=%2FPrimebook-Storage-14-1-Inch-MediaTek-Keyboard%2Fdp%2FB0FFM8M9B5%2Fref%3Dsxin_13_pa_sp_search_thematic_sspa%3Fcontent-id%3Damzn1.sym.c007a59b-1788-4f64-b1ed-4d72476022eb%253Aamzn1.sym.c007a59b-1788-4f64-b1ed-4d72476022eb%26cv_ct_cx%3Dlaptop%26keywords%3Dlaptop%26pd_rd_i%3DB0FFM8M9B5%26pd_rd_r%3Dc88db800-574f-4385-9e8e-35aa1b822eba%26pd_rd_w%3DGzn9x%26pd_rd_wg%3DpMR1K%26pf_rd_p%3Dc007a59b-1788-4f64-b1ed-4d72476022eb%26pf_rd_r%3DMM2NZVYF4ZG55ZFAKY61%26qid%3D1773557257%26sbo%3DRZvfv%252F%252FHxDF%252BO5021pAnSA%253D%253D%26sr%3D1-53-2ec22325-1003-449d-8aaf-c0bcc24717ae-spons%26aref%3DNLGjhb5MHj%26sp_csd%3Dd2lkZ2V0TmFtZT1zcF9zZWFyY2hfdGhlbWF0aWM%26psc%3D1&aref=NLGjhb5MHj&sp_cr=ZAZ
"HP Omnibook 5 OLED (Previously Pavilion), Snapdragon X Processor (16GB LPDDR5x,1TB SSD) 2K OLED,16''/40.6cm, Win11, M365*Office24, Glacier Silver, 1.59kg, fb0001QU, Backlit, Next-Gen AI Laptop","66,049",4.1,https://www.amazon.in/sspa/click?ie=UTF8&spc=MTozMTk4ODIyNDM1ODMzMjcyOjE3NzM1NTcyNDg6c3BfYXRmX25leHQ6MzAwOTAwNjk0MTQ4NjMyOjowOjo&url=%2FHP-Previously-Snapdragon-Processor-fb0001QU%2Fdp%2FB0FRM3G9JF%2Fref%3Dsr_1_18_sspa%3Fdib%3DeyJ2IjoiMSJ9.NnEFTphInJoCQIPLnyN_QpZ-iLK2QV5D8MJzHgeEQuQJ4oA5nG_OsaHA6vIRwosXn_j_DlhmHrPqOw0XgZaYZByV-cg4Z1nTlqwXMPOl9B8XCG3Vf-Gno8IK3iMccjHBWlUPM3RAFDnESKu-dB7VD1VQW5C6yEamI8xJfKqSpz_2xVUReIooR8-Ig__tXtEGX0WEn3Yv5c9PVmtCEXS65jyPrvYAMB7vZvkWGYZ5ekg.E2nH1uPniXgu25ildy1AC0iFrJauR9VJc0e4M3BGmjM%26dib_tag%3Dse%26keywords%3Dlaptop%26qid%3D1773557248%26sr%3D8-18-spons%26aref%3Dt3IlMZ5VyW%26sp_csd%3Dd2lkZ2V0TmFtZT1zcF9hdGZfbmV4dA%26psc%3D1&aref=t3IlMZ5VyW&sp_cr=ZAZ
"ASUS Vivobook S14,Smartchoice,AMD Ryzen AI 5 330,16GB RAM,512GB SSD,OLED,14"",Win11,Office24,M365 Basic (1Yr),Matte Gray,1.4Kg,M3407KA-SF044WS,50 Tops,Metallic Design Laptop,Next-Gen AI Laptop,Copilot+","67,990",4.5,https://www.amazon.in/sspa/click?ie=UTF8&spc=MTozMTk4ODIyNDM1ODMzMjcyOjE3NzM1NTcyNDg6c3BfYnRmOjMwMDk2NTY1NzcwOTAzMjo6MDo6&url=%2FASUS-Vivobook-Smartchoice-Office24-M3407KA-SF044WS%2Fdp%2FB0FMRTWFMN%2Fref%3Dsr_1_38_sspa%3Fdib%3DeyJ2IjoiMSJ9.NnEFTphInJoCQIPLnyN_QpZ-iLK2QV5D8MJzHgeEQuQJ4oA5nG_OsaHA6vIRwosXn_j_DlhmHrPqOw0XgZaYZByV-cg4Z1nTlqwXMPOl9B8XCG3Vf-Gno8IK3iMccjHBWlUPM3RAFDnESKu-dB7VD1VQW5C6yEamI8xJfKqSpz_2xVUReIooR8-Ig__tXtEGX0WEn3Yv5c9PVmtCEXS65jyPrvYAMB7vZvkWGYZ5ekg.E2nH1uPniXgu25ildy1AC0iFrJauR9VJc0e4M3BGmjM%26dib_tag%3Dse%26keywords%3Dlaptop%26qid%3D1773557248%26sr%3D8-38-spons%26aref%3DLYet3InnyV%26sp_csd%3Dd2lkZ2V0TmFtZT1zcF9idGY%26psc%3D1&aref=LYet3InnyV&sp_cr=ZAZ
"acer Aspire 3, Intel Pentium N6000, 12GB LPDDR4X RAM, 512GB SSD, HD, 15.6""/39.62cm, Windows 11 Home, Pure Silver, 1.5KG, A325-45, Thin and Light Laptop","33,570",3.4,https://www.amazon.in/acer-Pentium-LPDDR4X-39-62cm-A325-45/dp/B0GLXWY8ZX/ref=sr_1_8?dib=eyJ2IjoiMSJ9.hJDFApibiOcDEB0nfcXmShBOi4Wa7RF870vRhjG9BPhmXeK6aBRnbQPv55jS3UdyDkYkUHubQPqdjTIoKOAdn9nuydXg2Gn_WkGQE3GK802s4uJ539KQwpXCSgEqhgX_TLBRuxOiPHch7naJbsnCZAVN5dUWUYYtcnMVTxO8IYSGXMME-HlkYfA180qgF8mDEnbcRgi6aSsCwGwBgC4hYv-ezVo_mHmnSQJTc--e3vM.WeVKaMvLBi8_fXcI66-NEIKnU5JEO5LMbk-CWsDYTKc&dib_tag=se&keywords=laptop&qid=1773557241&sr=8-8
"HP 15-FD0079NS Laptop 15.6"" 16GB RAM 1TB SSD","63,999",4.4,https://www.amazon.in/HP-15-FD0079NS-Laptop-15-6-16GB/dp/B0D1YGX2NC/ref=sr_1_5?dib=eyJ2IjoiMSJ9.hJDFApibiOcDEB0nfcXmShBOi4Wa7RF870vRhjG9BPhmXeK6aBRnbQPv55jS3UdyDkYkUHubQPqdjTIoKOAdn9nuydXg2Gn_WkGQE3GK802s4uJ539KQwpXCSgEqhgX_TLBRuxOiPHch7naJbsnCZAVN5dUWUYYtcnMVTxO8IYSGXMME-HlkYfA180qgF8mDEnbcRgi6aSsCwGwBgC4hYv-ezVo_mHmnSQJTc--e3vM.WeVKaMvLBi8_fXcI66-NEIKnU5JEO5LMbk-CWsDYTKc&dib_tag=se&keywords=laptop&qid=1773557241&sr=8-5
"acer [SmartChoice Aspire 3 Laptop Intel Core Celeron N4500 Processor Laptop (8 GB LPDDR4X SDRAM/512 GB SSD/Win11 Home/38 WHR/HD Webcam) A325-45 with 39.63 cm (15.6"") HD Display, Pure Silver, 1.5 KG","31,999",3.4,https://www.amazon.in/Acer-Celeron-Processor-LPDDR4X-A325-45/dp/B0D7PYTTGH/ref=sr_1_30?dib=eyJ2IjoiMSJ9.NnEFTphInJoCQIPLnyN_QpZ-iLK2QV5D8MJzHgeEQuQJ4oA5nG_OsaHA6vIRwosXn_j_DlhmHrPqOw0XgZaYZByV-cg4Z1nTlqwXMPOl9B8XCG3Vf-Gno8IK3iMccjHBWlUPM3RAFDnESKu-dB7VD1VQW5C6yEamI8xJfKqSpz_2xVUReIooR8-Ig__tXtEGX0WEn3Yv5c9PVmtCEXS65jyPrvYAMB7vZvkWGYZ5ekg.E2nH1uPniXgu25ildy1AC0iFrJauR9VJc0e4M3BGmjM&dib_tag=se&keywords=laptop&qid=1773557248&sr=8-30
